name,iso_a3,currency_code,local_price,dollar_ex,date
Canada,CAN,CAD,2.85,1.47,2000/4/1
Chile,CHL,CLP,1260.0,514.0,2000/4/1
China,CHN,CNY,9.9,8.28,2000/4/1
Czech Republic,CZE,CZK,54.37,39.1,2000/4/1
Denmark,DNK,DKK,24.75,8.04,2000/4/1
Euro area,EUZ,EUR,2.56,1.075268817,2000/4/1
Hong Kong,HKG,HKD,10.2,7.79,2000/4/1
Hungary,HUN,HUF,339.0,279.0,2000/4/1
Indonesia,IDN,IDR,14500.0,7945.0,2000/4/1
Israel,ISR,ILS,14.5,4.05,2000/4/1
Japan,JPN,JPY,294.0,106.0,2000/4/1
Malaysia,MYS,MYR,4.52,3.8,2000/4/1
Mexico,MEX,MXN,20.9,9.41,2000/4/1
New Zealand,NZL,NZD,3.4,2.01,2000/4/1
Poland,POL,PLN,5.5,4.3,2000/4/1
Russia,RUS,RUB,39.5,28.5,2000/4/1
Singapore,SGP,SGD,3.2,1.7,2000/4/1
South Africa,ZAF,ZAR,9.0,6.72,2000/4/1
South Korea,KOR,KRW,3000.0,1108.0,2000/4/1
Sweden,SWE,SEK,24.0,8.84,2000/4/1
Switzerland,CHE,CHF,5.9,1.7,2000/4/1
Taiwan,TWN,TWD,70.0,30.6,2000/4/1
Thailand,THA,THB,55.0,38.0,2000/4/1
United States,USA,USD,2.51,1.0,2000/4/1
Argentina,ARG,ARS,2.5,1.0,2001/4/1
Australia,AUS,AUD,3.0,1.98,2001/4/1
Brazil,BRA,BRL,3.6,2.19,2001/4/1
Britain,GBR,GBP,1.99,0.699300699,2001/4/1
Canada,CAN,CAD,3.33,1.56,2001/4/1
Hong Kong,HKG,HKD,10.7,7.8,2001/4/1
Hungary,HUN,HUF,399.0,303.0,2001/4/1
Indonesia,IDN,IDR,14700.0,10855.0,2001/4/1
Japan,JPN,JPY,294.0,124.0,2001/4/1
Malaysia,MYS,MYR,4.52,3.8,2001/4/1
Mexico,MEX,MXN,21.9,9.29,2001/4/1
New Zealand,NZL,NZD,3.6,2.47,2001/4/1
Philippines,PHL,PHP,59.0,50.3,2001/4/1
Poland,POL,PLN,5.9,4.03,2001/4/1
Russia,RUS,RUB,35.0,28.9,2001/4/1
Singapore,SGP,SGD,3.3,1.81,2001/4/1
South Africa,ZAF,ZAR,9.7,8.13,2001/4/1
South Korea,KOR,KRW,3000.0,1325.0,2001/4/1
Sweden,SWE,SEK,24.0,10.28,2001/4/1
Switzerland,CHE,CHF,6.3,1.73,2001/4/1
Taiwan,TWN,TWD,70.0,32.9,2001/4/1
Canada,CAN,CAD,3.33,1.57,2002/4/1
Chile,CHL,CLP,1400.0,655.0,2002/4/1
China,CHN,CNY,10.5,8.28,2002/4/1
Czech Republic,CZE,CZK,56.28,34.0,2002/4/1
Denmark,DNK,DKK,24.75,8.38,2002/4/1
Japan,JPN,JPY,262.0,130.0,2002/4/1
Malaysia,MYS,MYR,5.04,3.8,2002/4/1
Mexico,MEX,MXN,21.9,9.28,2002/4/1
New Zealand,NZL,NZD,3.6,2.24,2002/4/1
Norway,NOR,NOK,35.0,8.56,2002/4/1
Peru,PER,PEN,8.5,3.43,2002/4/1
Philippines,PHL,PHP,65.0,51.0,2002/4/1
Switzerland,CHE,CHF,6.3,1.66,2002/4/1
Taiwan,TWN,TWD,70.0,34.8,2002/4/1
Thailand,THA,THB,55.0,43.3,2002/4/1
Turkey,TUR,TRY,4000000.0,1324500.0,2002/4/1
United States,USA,USD,2.49,1.0,2002/4/1
Venezuela,VEN,VEF,2500.0,857.0,2002/4/1
Argentina,ARG,ARS,4.1,2.88,2003/4/1
Australia,AUS,AUD,3.0,1.61,2003/4/1
Brazil,BRA,BRL,4.55,3.07,2003/4/1
Czech Republic,CZE,CZK,56.57,28.9,2003/4/1
Denmark,DNK,DKK,27.75,6.78,2003/4/1
Egypt,EGY,EGP,8.0,5.92,2003/4/1
Euro area,EUZ,EUR,2.71,0.9090909090000001,2003/4/1
Hong Kong,HKG,HKD,11.5,7.8,2003/4/1
Hungary,HUN,HUF,490.0,224.0,2003/4/1
Indonesia,IDN,IDR,16100.0,8740.0,2003/4/1
Japan,JPN,JPY,262.0,120.0,2003/4/1
Malaysia,MYS,MYR,5.04,3.8,2003/4/1
Mexico,MEX,MXN,23.0,10.53,2003/4/1
New Zealand,NZL,NZD,3.95,1.78,2003/4/1
Peru,PER,PEN,7.9,3.46,2003/4/1
Philippines,PHL,PHP,65.0,52.5,2003/4/1
Poland,POL,PLN,6.3,3.89,2003/4/1
Russia,RUS,RUB,41.0,31.1,2003/4/1
Singapore,SGP,SGD,3.3,1.78,2003/4/1
South Africa,ZAF,ZAR,13.95,7.56,2003/4/1
South Korea,KOR,KRW,3300.0,1220.0,2003/4/1
Sweden,SWE,SEK,30.0,8.34,2003/4/1
Switzerland,CHE,CHF,6.3,1.37,2003/4/1
Taiwan,TWN,TWD,70.0,34.8,2003/4/1
Thailand,THA,THB,59.0,42.7,2003/4/1
Turkey,TUR,TRY,3750000.0,1600500.0,2003/4/1
United States,USA,USD,2.71,1.0,2003/4/1
Venezuela,VEN,VEF,3700.0,1598.0,2003/4/1
Argentina,ARG,ARS,4.36,2.95,2004/5/1
Australia,AUS,AUD,3.25,1.43,2004/5/1
Brazil,BRA,BRL,5.4,3.18,2004/5/1
Britain,GBR,GBP,1.88,0.558659218,2004/5/1
Canada,CAN,CAD,3.19,1.37,2004/5/1
Chile,CHL,CLP,1400.0,641.0,2004/5/1
China,CHN,CNY,10.4,8.28,2004/5/1
Colombia,COL,COP,6500.0,2769.83,2004/5/1
Costa Rica,CRI,CRC,1130.0,433.55,2004/5/1
Czech Republic,CZE,CZK,56.42,26.5,2004/5/1
Denmark,DNK,DKK,27.75,6.22,2004/5/1
Egypt,EGY,EGP,10.0,6.19,2004/5/1
Euro area,EUZ,EUR,2.74,0.833333333,2004/5/1
Hong Kong,HKG,HKD,12.0,7.79,2004/5/1
Hungary,HUN,HUF,530.0,211.0,2004/5/1
New Zealand,NZL,NZD,4.35,1.64,2004/5/1
Norway,NOR,NOK,35.5,6.8491,2004/5/1
Pakistan,PAK,PKR,110.0,57.76,2004/5/1
Peru,PER,PEN,8.99,3.49,2004/5/1
Philippines,PHL,PHP,69.0,55.9,2004/5/1
Poland,POL,PLN,6.3,3.87,2004/5/1
Russia,RUS,RUB,42.0,29.0,2004/5/1
Saudi Arabia,SAU,SAR,2.4,3.7502,2004/5/1
Singapore,SGP,SGD,3.3,1.71,2004/5/1
South Africa,ZAF,ZAR,12.4,6.66,2004/5/1
South Korea,KOR,KRW,3200.0,1177.0,2004/5/1
Sri Lanka,LKA,LKR,140.0,99.0,2004/5/1
Turkey,TUR,TRY,3950000.0,1531000.0,2004/5/1
Ukraine,UKR,UAH,7.25,5.3315,2004/5/1
United States,USA,USD,2.9,1.0,2004/5/1
Uruguay,URY,UYU,29.8,29.735,2004/5/1
Venezuela,VEN,VEF,4400.0,2977.0,2004/5/1
Argentina,ARG,ARS,4.75,2.897,2005/6/1
Australia,AUS,AUD,3.25,1.3015,2005/6/1
China,CHN,CNY,10.5,8.2764,2005/6/1
Colombia,COL,COP,6500.0,2327.7,2005/6/1
Costa Rica,CRI,CRC,1130.0,475.3,2005/6/1
Czech Republic,CZE,CZK,56.42,24.5409,2005/6/1
Denmark,DNK,DKK,27.75,6.0647,2005/6/1
Egypt,EGY,EGP,9.0,5.8,2005/6/1
Euro area,EUZ,EUR,2.92,0.814929509,2005/6/1
Hong Kong,HKG,HKD,12.0,7.7807,2005/6/1
Hungary,HUN,HUF,530.0,203.643,2005/6/1
Indonesia,IDN,IDR,14600.0,9545.0,2005/6/1
Japan,JPN,JPY,250.0,106.715,2005/6/1
Malaysia,MYS,MYR,5.25,3.8,2005/6/1
Mexico,MEX,MXN,28.0,10.8675,2005/6/1
New Zealand,NZL,NZD,4.45,1.4023,2005/6/1
Norway,NOR,NOK,39.0,6.4326,2005/6/1
Pakistan,PAK,PKR,130.0,59.62,2005/6/1
Peru,PER,PEN,8.99,3.2546,2005/6/1
Saudi Arabia,SAU,SAR,9.0,3.7501,2005/6/1
Singapore,SGP,SGD,3.6,1.6607,2005/6/1
South Africa,ZAF,ZAR,13.95,6.6482,2005/6/1
South Korea,KOR,KRW,2500.0,1005.5,2005/6/1
Sri Lanka,LKA,LKR,175.0,99.945,2005/6/1
Sweden,SWE,SEK,31.0,7.4402,2005/6/1
Switzerland,CHE,CHF,6.3,1.2475,2005/6/1
Taiwan,TWN,TWD,75.0,31.175,2005/6/1
Thailand,THA,THB,60.0,40.53,2005/6/1
Turkey,TUR,TRY,4.0,1.369,2005/6/1
UAE,ARE,AED,9.0,3.6725,2005/6/1
Ukraine,UKR,UAH,7.25,5.06,2005/6/1
United States,USA,USD,3.06,1.0,2005/6/1
Uruguay,URY,UYU,44.0,24.125,2005/6/1
Venezuela,VEN,VEF,5600.0,2629.62,2005/6/1
Argentina,ARG,ARS,4.75,3.0638,2006/1/1
Australia,AUS,AUD,3.25,1.3308,2006/1/1
Brazil,BRA,BRL,6.2,2.2615,2006/1/1
Britain,GBR,GBP,1.88,0.566925563,2006/1/1
Canada,CAN,CAD,3.52,1.1704,2006/1/1
Chile,CHL,CLP,1560.0,522.75,2006/1/1
China,CHN,CNY,10.5,8.0641,2006/1/1
Czech Republic,CZE,CZK,62.0,23.8375,2006/1/1
Denmark,DNK,DKK,27.75,6.1769,2006/1/1
Egypt,EGY,EGP,9.25,5.74,2006/1/1
Euro area,EUZ,EUR,2.91,0.82815735,2006/1/1
Hong Kong,HKG,HKD,12.0,7.7512,2006/1/1
Hungary,HUN,HUF,560.0,206.956,2006/1/1
Indonesia,IDN,IDR,14600.0,9460.0,2006/1/1
Japan,JPN,JPY,250.0,114.305,2006/1/1
Malaysia,MYS,MYR,5.5,3.7488,2006/1/1
Mexico,MEX,MXN,28.0,10.5425,2006/1/1
New Zealand,NZL,NZD,4.45,1.4467,2006/1/1
Peru,PER,PEN,9.5,3.446,2006/1/1
Philippines,PHL,PHP,82.0,52.58,2006/1/1
Poland,POL,PLN,6.5,3.1151,2006/1/1
Russia,RUS,RUB,46.0,28.67,2006/1/1
Singapore,SGP,SGD,3.6,1.6353,2006/1/1
South Africa,ZAF,ZAR,13.95,6.0803,2006/1/1
South Korea,KOR,KRW,2500.0,977.45,2006/1/1
Sweden,SWE,SEK,33.0,7.7119,2006/1/1
Switzerland,CHE,CHF,6.3,1.2776,2006/1/1
Taiwan,TWN,TWD,75.0,31.9495,2006/1/1
Thailand,THA,THB,60.0,39.755,2006/1/1
Turkey,TUR,TRY,4.1,1.3365,2006/1/1
United States,USA,USD,3.15,1.0,2006/1/1
Venezuela,VEN,VEF,5900.0,2615.92,2006/1/1
Argentina,ARG,ARS,7.0,3.0565,2006/5/1
Australia,AUS,AUD,3.25,1.33253,2006/5/1
Brazil,BRA,BRL,6.4,2.3045,2006/5/1
Britain,GBR,GBP,1.94,0.531801744,2006/5/1
Canada,CAN,CAD,3.52,1.12045,2006/5/1
Chile,CHL,CLP,1560.0,529.95,2006/5/1
China,CHN,CNY,10.5,8.026,2006/5/1
Colombia,COL,COP,6500.0,2503.6,2006/5/1
Costa Rica,CRI,CRC,1130.0,509.535,2006/5/1
Czech Republic,CZE,CZK,59.05,22.1078,2006/5/1
Denmark,DNK,DKK,27.75,5.81825,2006/5/1
Egypt,EGY,EGP,9.5,5.77075,2006/5/1
Euro area,EUZ,EUR,2.9395735289999996,0.780365992,2006/5/1
Hong Kong,HKG,HKD,12.0,7.7533,2006/5/1
Hungary,HUN,HUF,560.0,206.3444,2006/5/1
Indonesia,IDN,IDR,14600.0,9325.0,2006/5/1
Japan,JPN,JPY,250.0,112.105,2006/5/1
Malaysia,MYS,MYR,5.5,3.6295,2006/5/1
Mexico,MEX,MXN,29.0,11.3031,2006/5/1
New Zealand,NZL,NZD,4.45,1.62101,2006/5/1
Norway,NOR,NOK,43.0,6.1023,2006/5/1
Pakistan,PAK,PKR,130.0,60.055,2006/5/1
Peru,PER,PEN,9.5,3.261,2006/5/1
Philippines,PHL,PHP,85.0,52.625,2006/5/1
Poland,POL,PLN,6.5,3.09915,2006/5/1
Russia,RUS,RUB,48.0,27.06375,2006/5/1
Saudi Arabia,SAU,SAR,9.0,3.7489999999999997,2006/5/1
Singapore,SGP,SGD,3.6,1.5873,2006/5/1
South Africa,ZAF,ZAR,13.95,6.597,2006/5/1
South Korea,KOR,KRW,2500.0,952.4,2006/5/1
Sweden,SWE,SEK,33.0,7.28455,2006/5/1
Switzerland,CHE,CHF,6.3,1.20885,2006/5/1
Taiwan,TWN,TWD,75.0,32.141,2006/5/1
Thailand,THA,THB,60.0,38.445,2006/5/1
Turkey,TUR,TRY,4.2,1.5415,2006/5/1
UAE,ARE,AED,9.0,3.6726,2006/5/1
Ukraine,UKR,UAH,8.5,5.05,2006/5/1
United States,USA,USD,3.1,1.0,2006/5/1
Uruguay,URY,UYU,42.28,23.925,2006/5/1
Venezuela,VEN,VEF,5701.25,2519.58,2006/5/1
Argentina,ARG,ARS,8.25,3.08875,2007/1/1
Australia,AUS,AUD,3.45,1.266865,2007/1/1
Brazil,BRA,BRL,6.4,2.1335,2007/1/1
Britain,GBR,GBP,1.94,0.506034461,2007/1/1
Canada,CAN,CAD,3.63,1.17485,2007/1/1
Chile,CHL,CLP,1670.0,540.15,2007/1/1
China,CHN,CNY,11.0,7.7743,2007/1/1
Costa Rica,CRI,CRC,1130.0,509.535,2007/1/1
Czech Republic,CZE,CZK,52.1,21.50115,2007/1/1
Denmark,DNK,DKK,27.75,5.75305,2007/1/1
Egypt,EGY,EGP,9.09,5.7,2007/1/1
Euro area,EUZ,EUR,2.94,0.771813376,2007/1/1
Hong Kong,HKG,HKD,12.0,7.79845,2007/1/1
Hungary,HUN,HUF,590.0,194.4237,2007/1/1
Indonesia,IDN,IDR,15900.0,9090.0,2007/1/1
Japan,JPN,JPY,280.0,121.585,2007/1/1
Malaysia,MYS,MYR,5.5,3.502,2007/1/1
Mexico,MEX,MXN,29.0,10.8894,2007/1/1
New Zealand,NZL,NZD,4.6,1.4279600000000001,2007/1/1
Norway,NOR,NOK,41.5,6.1023,2007/1/1
Pakistan,PAK,PKR,140.0,60.055,2007/1/1
Peru,PER,PEN,9.5,3.1895,2007/1/1
Philippines,PHL,PHP,85.0,49.05,2007/1/1
Poland,POL,PLN,6.9,2.97175,2007/1/1
Russia,RUS,RUB,49.0,26.5335,2007/1/1
Saudi Arabia,SAU,SAR,9.0,3.7489999999999997,2007/1/1
Singapore,SGP,SGD,3.6,1.53795,2007/1/1
South Africa,ZAF,ZAR,15.5,7.10975,2007/1/1
South Korea,KOR,KRW,2900.0,940.15,2007/1/1
Sri Lanka,LKA,LKR,190.0,102.955,2007/1/1
Sweden,SWE,SEK,32.0,7.04125,2007/1/1
Switzerland,CHE,CHF,6.3,1.2485,2007/1/1
Taiwan,TWN,TWD,75.0,32.9255,2007/1/1
Thailand,THA,THB,62.0,35.3,2007/1/1
Turkey,TUR,TRY,4.55,1.40975,2007/1/1
UAE,ARE,AED,10.0,3.6726,2007/1/1
Ukraine,UKR,UAH,9.0,5.05,2007/1/1
United States,USA,USD,3.22,1.0,2007/1/1
Uruguay,URY,UYU,55.0,23.925,2007/1/1
Venezuela,VEN,VEF,6800.0,4125.278,2007/1/1
Argentina,ARG,ARS,8.25,3.0915,2007/6/1
Australia,AUS,AUD,3.45,1.17,2007/6/1
Brazil,BRA,BRL,6.9,1.913,2007/6/1
Britain,GBR,GBP,1.99,0.49661063200000005,2007/6/1
Canada,CAN,CAD,3.88,1.05345,2007/6/1
Chile,CHL,CLP,1565.0,526.75,2007/6/1
China,CHN,CNY,11.0,7.6047,2007/6/1
Colombia,COL,COP,6900.0,1956.0,2007/6/1
Costa Rica,CRI,CRC,1130.0,518.625,2007/6/1
Czech Republic,CZE,CZK,52.9,21.11675,2007/6/1
Denmark,DNK,DKK,27.75,5.4603,2007/6/1
Egypt,EGY,EGP,9.54,5.69025,2007/6/1
Euro area,EUZ,EUR,3.057482443,0.7337564659999999,2007/6/1
Hong Kong,HKG,HKD,12.0,7.81555,2007/6/1
Hungary,HUN,HUF,600.0,180.2106,2007/6/1
Indonesia,IDN,IDR,15900.0,9015.0,2007/6/1
Japan,JPN,JPY,280.0,122.315,2007/6/1
Malaysia,MYS,MYR,5.5,3.4345,2007/6/1
Mexico,MEX,MXN,29.0,10.76755,2007/6/1
New Zealand,NZL,NZD,4.6,1.2797,2007/6/1
Norway,NOR,NOK,40.0,5.8139,2007/6/1
Pakistan,PAK,PKR,140.0,60.37,2007/6/1
Peru,PER,PEN,9.5,3.167,2007/6/1
Philippines,PHL,PHP,85.0,45.8975,2007/6/1
Poland,POL,PLN,6.9,2.75185,2007/6/1
Russia,RUS,RUB,52.0,25.64825,2007/6/1
Saudi Arabia,SAU,SAR,9.0,3.75045,2007/6/1
Singapore,SGP,SGD,3.95,1.52375,2007/6/1
Sri Lanka,LKA,LKR,210.0,111.4,2007/6/1
Sweden,SWE,SEK,33.0,6.79165,2007/6/1
Switzerland,CHE,CHF,6.3,1.2112,2007/6/1
Taiwan,TWN,TWD,75.0,32.7705,2007/6/1
Thailand,THA,THB,62.0,34.455,2007/6/1
Turkey,TUR,TRY,4.75,1.2981,2007/6/1
UAE,ARE,AED,10.0,3.67285,2007/6/1
Ukraine,UKR,UAH,9.25,5.0275,2007/6/1
United States,USA,USD,3.41,1.0,2007/6/1
Uruguay,URY,UYU,62.0,23.945,2007/6/1
Venezuela,VEN,VEF,7400.0,2147.3,2007/6/1
Argentina,ARG,ARS,11.0,3.0195,2008/6/1
Australia,AUS,AUD,3.45,1.026,2008/6/1
Brazil,BRA,BRL,7.5,1.5846,2008/6/1
Britain,GBR,GBP,2.29,0.5010396570000001,2008/6/1
Canada,CAN,CAD,4.09,1.00355,2008/6/1
Chile,CHL,CLP,1550.0,494.65,2008/6/1
China,CHN,CNY,12.5,6.834,2008/6/1
Colombia,COL,COP,7000.0,1798.65,2008/6/1
Costa Rica,CRI,CRC,1800.0,551.02,2008/6/1
Czech Republic,CZE,CZK,66.08,14.49795,2008/6/1
Denmark,DNK,DKK,28.0,4.7044,2008/6/1
Egypt,EGY,EGP,13.0,5.3125,2008/6/1
Euro area,EUZ,EUR,3.36856,0.630497147,2008/6/1
Hong Kong,HKG,HKD,13.3,7.7974,2008/6/1
Hungary,HUN,HUF,670.0,144.2578,2008/6/1
Indonesia,IDN,IDR,18700.0,9152.0,2008/6/1
Japan,JPN,JPY,280.0,106.855,2008/6/1
Malaysia,MYS,MYR,5.5,3.238,2008/6/1
Mexico,MEX,MXN,32.0,10.1685,2008/6/1
New Zealand,NZL,NZD,4.9,1.3177,2008/6/1
Norway,NOR,NOK,40.0,5.07915,2008/6/1
Pakistan,PAK,PKR,140.0,70.9,2008/6/1
Poland,POL,PLN,7.0,2.03145,2008/6/1
Russia,RUS,RUB,59.0,23.2336,2008/6/1
Saudi Arabia,SAU,SAR,10.0,3.74955,2008/6/1
Singapore,SGP,SGD,3.95,1.35275,2008/6/1
South Africa,ZAF,ZAR,16.95,7.56325,2008/6/1
South Korea,KOR,KRW,3200.0,1018.05,2008/6/1
Sri Lanka,LKA,LKR,210.0,107.55,2008/6/1
Sweden,SWE,SEK,38.0,5.96085,2008/6/1
Switzerland,CHE,CHF,6.5,1.02215,2008/6/1
Taiwan,TWN,TWD,75.0,30.3625,2008/6/1
Thailand,THA,THB,62.0,33.36,2008/6/1
Turkey,TUR,TRY,5.15,1.19275,2008/6/1
UAE,ARE,AED,10.0,3.67285,2008/6/1
Ukraine,UKR,UAH,11.0,4.6,2008/6/1
United States,USA,USD,3.57,1.0,2008/6/1
Uruguay,URY,UYU,61.0,19.15,2008/6/1
Argentina,ARG,ARS,11.5,3.81125,2009/7/1
Australia,AUS,AUD,4.34,1.2869,2009/7/1
Brazil,BRA,BRL,8.03,1.9971,2009/7/1
Britain,GBR,GBP,2.29,0.620886626,2009/7/1
Canada,CAN,CAD,3.89,1.16085,2009/7/1
Chile,CHL,CLP,1750.0,548.55,2009/7/1
China,CHN,CNY,12.5,6.8327,2009/7/1
Colombia,COL,COP,7000.0,2095.6,2009/7/1
Costa Rica,CRI,CRC,2000.0,582.57,2009/7/1
Czech Republic,CZE,CZK,67.92,18.66155,2009/7/1
Denmark,DNK,DKK,29.5,5.3375,2009/7/1
Egypt,EGY,EGP,13.0,5.58475,2009/7/1
Euro area,EUZ,EUR,3.31,0.7168972690000001,2009/7/1
Hong Kong,HKG,HKD,13.3,7.7505,2009/7/1
Hungary,HUN,HUF,720.0,199.1577,2009/7/1
Indonesia,IDN,IDR,20900.0,10200.0,2009/7/1
Israel,ISR,ILS,15.0,3.97425,2009/7/1
Japan,JPN,JPY,320.0,92.565,2009/7/1
Malaysia,MYS,MYR,6.77,3.602,2009/7/1
Mexico,MEX,MXN,33.0,13.8104,2009/7/1
New Zealand,NZL,NZD,4.9,1.59235,2009/7/1
Norway,NOR,NOK,40.0,6.50925,2009/7/1
Pakistan,PAK,PKR,190.0,82.6,2009/7/1
Poland,POL,PLN,7.6,3.15525,2009/7/1
Russia,RUS,RUB,67.0,32.7959,2009/7/1
Saudi Arabia,SAU,SAR,11.0,3.7504,2009/7/1
Singapore,SGP,SGD,4.22,1.4645,2009/7/1
South Africa,ZAF,ZAR,17.95,8.2805,2009/7/1
South Korea,KOR,KRW,3400.0,1314.5,2009/7/1
Sri Lanka,LKA,LKR,210.0,114.86,2009/7/1
Sweden,SWE,SEK,39.0,7.90915,2009/7/1
Switzerland,CHE,CHF,6.5,1.08605,2009/7/1
Taiwan,TWN,TWD,75.0,33.1755,2009/7/1
Thailand,THA,THB,64.49,34.165,2009/7/1
Turkey,TUR,TRY,5.65,1.55005,2009/7/1
UAE,ARE,AED,10.0,3.673,2009/7/1
Argentina,ARG,ARS,7.0,3.7985,2010/1/1
Australia,AUS,AUD,4.35,1.09355,2010/1/1
Brazil,BRA,BRL,8.2,1.7233,2010/1/1
Britain,GBR,GBP,2.29,0.623752495,2010/1/1
Canada,CAN,CAD,4.12,1.0368,2010/1/1
Chile,CHL,CLP,1600.0,503.1,2010/1/1
China,CHN,CNY,12.5,6.8272,2010/1/1
Colombia,COL,COP,8200.0,2095.6,2010/1/1
Costa Rica,CRI,CRC,2050.0,582.57,2010/1/1
Czech Republic,CZE,CZK,67.64,18.21005,2010/1/1
Denmark,DNK,DKK,30.94,5.16195,2010/1/1
Egypt,EGY,EGP,13.0,5.465,2010/1/1
Euro area,EUZ,EUR,3.36,0.693649638,2010/1/1
Hong Kong,HKG,HKD,14.8,7.75655,2010/1/1
Hungary,HUN,HUF,720.0,186.6508,2010/1/1
Indonesia,IDN,IDR,20900.0,9320.0,2010/1/1
Israel,ISR,ILS,14.9,3.7325,2010/1/1
Japan,JPN,JPY,320.0,91.54,2010/1/1
Malaysia,MYS,MYR,7.05,3.3875,2010/1/1
Mexico,MEX,MXN,32.0,12.81375,2010/1/1
New Zealand,NZL,NZD,4.9,1.35685,2010/1/1
Norway,NOR,NOK,40.0,5.69555,2010/1/1
Pakistan,PAK,PKR,200.0,82.6,2010/1/1
Peru,PER,PEN,8.056000000000001,2.8705,2010/1/1
Philippines,PHL,PHP,101.52,45.92,2010/1/1
Poland,POL,PLN,8.1,2.83565,2010/1/1
Russia,RUS,RUB,70.0,29.927,2010/1/1
Saudi Arabia,SAU,SAR,10.0,3.7502,2010/1/1
Singapore,SGP,SGD,4.45,1.39555,2010/1/1
South Africa,ZAF,ZAR,17.95,7.3045,2010/1/1
South Korea,KOR,KRW,3400.0,1140.5,2010/1/1
Sri Lanka,LKA,LKR,210.0,114.86,2010/1/1
Sweden,SWE,SEK,39.0,7.0821,2010/1/1
Switzerland,CHE,CHF,6.5,1.03115,2010/1/1
Taiwan,TWN,TWD,75.0,31.8425,2010/1/1
Thailand,THA,THB,70.0,33.135,2010/1/1
Turkey,TUR,TRY,5.65,1.47455,2010/1/1
UAE,ARE,AED,11.0,3.673,2010/1/1
Ukraine,UKR,UAH,14.0,7.66,2010/1/1
United States,USA,USD,3.58,1.0,2010/1/1
Uruguay,URY,UYU,77.0,23.17,2010/1/1
Argentina,ARG,ARS,14.0,3.93375,2010/7/1
Australia,AUS,AUD,4.35,1.133722578,2010/7/1
Brazil,BRA,BRL,8.71,1.77495,2010/7/1
Britain,GBR,GBP,2.29,0.657375756,2010/7/1
Canada,CAN,CAD,4.17,1.04235,2010/7/1
Chile,CHL,CLP,1750.0,523.65,2010/7/1
China,CHN,CNY,13.2,6.7769,2010/7/1
Colombia,COL,COP,8200.0,1868.45,2010/7/1
Costa Rica,CRI,CRC,2000.0,522.115,2010/7/1
Czech Republic,CZE,CZK,67.64,19.7476,2010/7/1
Denmark,DNK,DKK,28.5,5.81365,2010/7/1
Egypt,EGY,EGP,13.0,5.699,2010/7/1
Euro area,EUZ,EUR,3.3800310710000003,0.78015291,2010/7/1
Hong Kong,HKG,HKD,14.8,7.7742,2010/7/1
Hungary,HUN,HUF,740.0,221.96915,2010/7/1
Indonesia,IDN,IDR,22780.0,9063.0,2010/7/1
Israel,ISR,ILS,14.9,3.8619,2010/7/1
Japan,JPN,JPY,320.0,87.18,2010/7/1
Malaysia,MYS,MYR,7.05,3.2135,2010/7/1
Mexico,MEX,MXN,32.0,12.782,2010/7/1
New Zealand,NZL,NZD,5.0,1.39275766,2010/7/1
Norway,NOR,NOK,45.0,6.24625,2010/7/1
Pakistan,PAK,PKR,210.0,85.525,2010/7/1
Peru,PER,PEN,10.0,2.8275,2010/7/1
Philippines,PHL,PHP,102.0,46.47,2010/7/1
Poland,POL,PLN,8.3,3.1969,2010/7/1
Russia,RUS,RUB,71.0,30.44325,2010/7/1
Saudi Arabia,SAU,SAR,10.0,3.75045,2010/7/1
Singapore,SGP,SGD,4.23,1.3742,2010/7/1
South Africa,ZAF,ZAR,18.45,7.5365,2010/7/1
South Korea,KOR,KRW,3400.0,1204.45,2010/7/1
Sri Lanka,LKA,LKR,210.0,112.775,2010/7/1
Sweden,SWE,SEK,48.4,7.37355,2010/7/1
Switzerland,CHE,CHF,6.5,1.05085,2010/7/1
Taiwan,TWN,TWD,75.0,32.1055,2010/7/1
Thailand,THA,THB,70.0,32.305,2010/7/1
Turkey,TUR,TRY,5.95,1.5293,2010/7/1
UAE,ARE,AED,11.0,3.67285,2010/7/1
Ukraine,UKR,UAH,14.5,7.899,2010/7/1
United States,USA,USD,3.733333333,1.0,2010/7/1
Uruguay,URY,UYU,79.0,21.1,2010/7/1
Argentina,ARG,ARS,20.0,4.1325,2011/7/1
Australia,AUS,AUD,4.56,0.9223815890000001,2011/7/1
Austria,AUT,EUR,3.09,0.697520315,2011/7/1
Belgium,BEL,EUR,3.75,0.697520315,2011/7/1
Brazil,BRA,BRL,9.5,1.5416,2011/7/1
Britain,GBR,GBP,2.39,0.614137444,2011/7/1
Canada,CAN,CAD,4.73,0.94585,2011/7/1
Chile,CHL,CLP,1850.0,462.75,2011/7/1
China,CHN,CNY,14.65,6.445,2011/7/1
Colombia,COL,COP,8400.0,1770.5,2011/7/1
Costa Rica,CRI,CRC,2050.0,504.305,2011/7/1
Czech Republic,CZE,CZK,69.32,17.0219,2011/7/1
Denmark,DNK,DKK,28.5,5.19845,2011/7/1
Egypt,EGY,EGP,14.09,5.962000000000001,2011/7/1
Estonia,EST,EUR,2.2,0.697520315,2011/7/1
Euro area,EUZ,EUR,3.437660401,0.697520315,2011/7/1
Finland,FIN,EUR,3.75,0.697520315,2011/7/1
France,FRA,EUR,3.5,0.697520315,2011/7/1
Germany,DEU,EUR,3.4,0.697520315,2011/7/1
Greece,GRC,EUR,3.26,0.697520315,2011/7/1
Hong Kong,HKG,HKD,15.1,7.7918,2011/7/1
Hungary,HUN,HUF,760.0,188.0724,2011/7/1
India,IND,INR,84.0,44.4,2011/7/1
Indonesia,IDN,IDR,22534.0,8523.0,2011/7/1
Ireland,IRL,EUR,3.8,0.697520315,2011/7/1
Israel,ISR,ILS,15.9,3.40335,2011/7/1
Italy,ITA,EUR,3.5,0.697520315,2011/7/1
Japan,JPN,JPY,320.0,78.365,2011/7/1
Malaysia,MYS,MYR,7.2,2.9730000000000003,2011/7/1
Mexico,MEX,MXN,32.0,11.67075,2011/7/1
Netherlands,NLD,EUR,3.25,0.697520315,2011/7/1
New Zealand,NZL,NZD,5.1,1.1560693640000002,2011/7/1
Norway,NOR,NOK,45.0,5.41405,2011/7/1
Pakistan,PAK,PKR,205.13,86.345,2011/7/1
Peru,PER,PEN,10.0,2.7375,2011/7/1
Philippines,PHL,PHP,118.0,42.41,2011/7/1
Poland,POL,PLN,8.63,2.7968,2011/7/1
Portugal,PRT,EUR,2.9,0.697520315,2011/7/1
Russia,RUS,RUB,75.0,27.7525,2011/7/1
Saudi Arabia,SAU,SAR,10.0,3.7502,2011/7/1
Singapore,SGP,SGD,4.41,1.20705,2011/7/1
South Africa,ZAF,ZAR,19.45,6.76885,2011/7/1
South Korea,KOR,KRW,3700.0,1056.2,2011/7/1
Spain,ESP,EUR,3.5,0.697520315,2011/7/1
Sri Lanka,LKA,LKR,280.0,109.475,2011/7/1
Sweden,SWE,SEK,48.4,6.3352,2011/7/1
Switzerland,CHE,CHF,6.5,0.80615,2011/7/1
Taiwan,TWN,TWD,75.0,28.834,2011/7/1
Thailand,THA,THB,70.0,29.75,2011/7/1
Turkey,TUR,TRY,6.5,1.72285,2011/7/1
UAE,ARE,AED,12.0,3.67305,2011/7/1
Ukraine,UKR,UAH,16.5,7.994,2011/7/1
United States,USA,USD,4.065,1.0,2011/7/1
Uruguay,URY,UYU,90.0,18.45,2011/7/1
Venezuela,VEN,VEF,28.0,4.29465,2011/7/1
Argentina,ARG,ARS,20.0,4.3135,2012/1/1
Australia,AUS,AUD,4.8,0.972337012,2012/1/1
Austria,AUT,EUR,3.09,0.788239467,2012/1/1
Belgium,BEL,EUR,3.7,0.788239467,2012/1/1
Brazil,BRA,BRL,10.25,1.805,2012/1/1
Britain,GBR,GBP,2.49,0.651253663,2012/1/1
Canada,CAN,CAD,4.73,1.02095,2012/1/1
Chile,CHL,CLP,2050.0,506.05,2012/1/1
China,CHN,CNY,15.4,6.3155,2012/1/1
Colombia,COL,COP,8400.0,1852.15,2012/1/1
Costa Rica,CRI,CRC,2050.0,509.54,2012/1/1
Czech Republic,CZE,CZK,70.22,20.36535,2012/1/1
Denmark,DNK,DKK,31.5,5.86135,2012/1/1
Egypt,EGY,EGP,15.5,6.037000000000001,2012/1/1
Estonia,EST,EUR,2.04,0.788239467,2012/1/1
Euro area,EUZ,EUR,3.49245637,0.788239467,2012/1/1
Finland,FIN,EUR,3.75,0.788239467,2012/1/1
France,FRA,EUR,3.6,0.788239467,2012/1/1
Germany,DEU,EUR,3.53,0.788239467,2012/1/1
Greece,GRC,EUR,3.3,0.788239467,2012/1/1
Hong Kong,HKG,HKD,16.5,7.76735,2012/1/1
Hungary,HUN,HUF,645.0,245.69425,2012/1/1
India,IND,INR,84.0,51.905,2012/1/1
Indonesia,IDN,IDR,22534.0,9160.0,2012/1/1
Ireland,IRL,EUR,3.8,0.788239467,2012/1/1
Israel,ISR,ILS,15.9,3.8485,2012/1/1
Italy,ITA,EUR,3.5,0.788239467,2012/1/1
Japan,JPN,JPY,320.0,76.92,2012/1/1
Malaysia,MYS,MYR,7.35,3.13955,2012/1/1
Mexico,MEX,MXN,37.0,13.6844,2012/1/1
Netherlands,NLD,EUR,3.25,0.788239467,2012/1/1
New Zealand,NZL,NZD,5.1,1.26000126,2012/1/1
Norway,NOR,NOK,41.0,6.0399,2012/1/1
Philippines,PHL,PHP,118.0,44.005,2012/1/1
Poland,POL,PLN,9.1,3.52045,2012/1/1
Portugal,PRT,EUR,2.9,0.788239467,2012/1/1
Russia,RUS,RUB,81.0,31.7693,2012/1/1
Saudi Arabia,SAU,SAR,10.0,3.7502,2012/1/1
Singapore,SGP,SGD,4.85,1.2928,2012/1/1
South Africa,ZAF,ZAR,19.95,8.1304,2012/1/1
South Korea,KOR,KRW,3700.0,1158.75,2012/1/1
Spain,ESP,EUR,3.5,0.788239467,2012/1/1
Sri Lanka,LKA,LKR,290.0,113.93,2012/1/1
Sweden,SWE,SEK,41.0,6.9338,2012/1/1
Switzerland,CHE,CHF,6.5,0.9551,2012/1/1
Taiwan,TWN,TWD,75.0,29.9795,2012/1/1
Thailand,THA,THB,78.0,31.75,2012/1/1
Turkey,TUR,TRY,6.6,1.86295,2012/1/1
UAE,ARE,AED,12.0,3.673,2012/1/1
Ukraine,UKR,UAH,17.0,8.0405,2012/1/1
United States,USA,USD,4.19722,1.0,2012/1/1
Uruguay,URY,UYU,90.0,19.45,2012/1/1
Venezuela,VEN,VEF,30.0,4.29465,2012/1/1
Argentina,ARG,ARS,19.0,4.56625,2012/7/1
Australia,AUS,AUD,4.56,0.9743264970000001,2012/7/1
Austria,AUT,EUR,3.19,0.8248443109999999,2012/7/1
Belgium,BEL,EUR,3.8,0.8248443109999999,2012/7/1
Brazil,BRA,BRL,10.08,2.04215,2012/7/1
Britain,GBR,GBP,2.69,0.646266197,2012/7/1
Canada,CAN,CAD,5.12,1.01945,2012/7/1
Chile,CHL,CLP,2050.0,493.05,2012/7/1
China,CHN,CNY,15.65,6.3885,2012/7/1
Colombia,COL,COP,8600.0,1804.475,2012/7/1
Czech Republic,CZE,CZK,70.33,21.048000000000002,2012/7/1
Denmark,DNK,DKK,28.5,6.1356,2012/7/1
Egypt,EGY,EGP,16.0,6.0665,2012/7/1
Estonia,EST,EUR,2.04,0.8248443109999999,2012/7/1
Euro area,EUZ,EUR,3.5834822410000005,0.8248443109999999,2012/7/1
Finland,FIN,EUR,3.75,0.8248443109999999,2012/7/1
France,FRA,EUR,3.6,0.8248443109999999,2012/7/1
Germany,DEU,EUR,3.64,0.8248443109999999,2012/7/1
Greece,GRC,EUR,2.6830000000000003,0.8248443109999999,2012/7/1
Hong Kong,HKG,HKD,16.5,7.75815,2012/7/1
Hungary,HUN,HUF,830.0,238.2151,2012/7/1
India,IND,INR,89.0,56.165,2012/7/1
Indonesia,IDN,IDR,24200.0,9482.5,2012/7/1
Ireland,IRL,EUR,3.49,0.8248443109999999,2012/7/1
Israel,ISR,ILS,11.9,4.07625,2012/7/1
Italy,ITA,EUR,3.6,0.8248443109999999,2012/7/1
Japan,JPN,JPY,320.0,78.22,2012/7/1
Malaysia,MYS,MYR,7.4,3.1735,2012/7/1
Mexico,MEX,MXN,37.0,13.687000000000001,2012/7/1
Netherlands,NLD,EUR,3.38,0.8248443109999999,2012/7/1
New Zealand,NZL,NZD,5.1,1.273560876,2012/7/1
Norway,NOR,NOK,43.0,6.09205,2012/7/1
Pakistan,PAK,PKR,285.0,94.605,2012/7/1
Philippines,PHL,PHP,118.0,42.2,2012/7/1
Poland,POL,PLN,9.1,3.46035,2012/7/1
Portugal,PRT,EUR,4.95,0.8248443109999999,2012/7/1
Russia,RUS,RUB,75.0,32.76525,2012/7/1
Saudi Arabia,SAU,SAR,10.0,3.75025,2012/7/1
Singapore,SGP,SGD,4.4,1.2585,2012/7/1
South Africa,ZAF,ZAR,19.95,8.4683,2012/7/1
South Korea,KOR,KRW,3700.0,1151.0,2012/7/1
Spain,ESP,EUR,3.5,0.8248443109999999,2012/7/1
Sri Lanka,LKA,LKR,290.0,131.0,2012/7/1
Sweden,SWE,SEK,39.97301987,6.9777,2012/7/1
Switzerland,CHE,CHF,6.5,0.9906,2012/7/1
Taiwan,TWN,TWD,75.0,30.1955,2012/7/1
Thailand,THA,THB,82.0,31.7,2012/7/1
Turkey,TUR,TRY,8.25,1.8269,2012/7/1
UAE,ARE,AED,12.0,3.67295,2012/7/1
Ukraine,UKR,UAH,15.0,8.0855,2012/7/1
United States,USA,USD,4.3275,1.0,2012/7/1
Uruguay,URY,UYU,99.0,21.87,2012/7/1
Venezuela,VEN,VEF,34.0,4.29465,2012/7/1
Argentina,ARG,ARS,19.0,4.9765,2013/1/1
Australia,AUS,AUD,4.7,0.959094615,2013/1/1
Austria,AUT,EUR,3.39,0.7369468290000001,2013/1/1
Belgium,BEL,EUR,3.8,0.7369468290000001,2013/1/1
Brazil,BRA,BRL,11.25,1.99335,2013/1/1
Britain,GBR,GBP,2.69,0.633211968,2013/1/1
Canada,CAN,CAD,5.41,1.0029,2013/1/1
Chile,CHL,CLP,2050.0,471.75,2013/1/1
China,CHN,CNY,16.0,6.2204,2013/1/1
Czech Republic,CZE,CZK,70.33,18.89495,2013/1/1
Denmark,DNK,DKK,28.5,5.49795,2013/1/1
Egypt,EGY,EGP,16.0,6.68575,2013/1/1
Estonia,EST,EUR,2.7,0.7369468290000001,2013/1/1
Euro area,EUZ,EUR,3.5948495719999998,0.7369468290000001,2013/1/1
Finland,FIN,EUR,3.75,0.7369468290000001,2013/1/1
France,FRA,EUR,3.6,0.7369468290000001,2013/1/1
Germany,DEU,EUR,3.64,0.7369468290000001,2013/1/1
Greece,GRC,EUR,3.3,0.7369468290000001,2013/1/1
Hong Kong,HKG,HKD,17.0,7.7591,2013/1/1
Hungary,HUN,HUF,830.0,217.46935,2013/1/1
India,IND,INR,89.0,53.395,2013/1/1
Indonesia,IDN,IDR,27939.0,9767.5,2013/1/1
Ireland,IRL,EUR,3.49,0.7369468290000001,2013/1/1
Israel,ISR,ILS,14.9,3.72455,2013/1/1
Italy,ITA,EUR,3.85,0.7369468290000001,2013/1/1
Japan,JPN,JPY,320.0,91.065,2013/1/1
Malaysia,MYS,MYR,7.95,3.083,2013/1/1
Mexico,MEX,MXN,37.0,12.7384,2013/1/1
Netherlands,NLD,EUR,3.45,0.7369468290000001,2013/1/1
New Zealand,NZL,NZD,5.2,1.202428906,2013/1/1
Norway,NOR,NOK,43.0,5.4831,2013/1/1
Pakistan,PAK,PKR,290.0,97.665,2013/1/1
Peru,PER,PEN,10.0,2.5595,2013/1/1
Philippines,PHL,PHP,118.0,40.6,2013/1/1
Poland,POL,PLN,9.1,3.092,2013/1/1
Portugal,PRT,EUR,2.95,0.7369468290000001,2013/1/1
Russia,RUS,RUB,72.88,30.045,2013/1/1
Saudi Arabia,SAU,SAR,11.0,3.7502,2013/1/1
Singapore,SGP,SGD,4.5,1.23485,2013/1/1
South Africa,ZAF,ZAR,20.9,9.047,2013/1/1
South Korea,KOR,KRW,3700.0,1085.475,2013/1/1
Spain,ESP,EUR,3.5,0.7369468290000001,2013/1/1
Sri Lanka,LKA,LKR,350.0,126.45,2013/1/1
Sweden,SWE,SEK,40.55930138,6.3492,2013/1/1
Switzerland,CHE,CHF,6.5,0.9123,2013/1/1
Taiwan,TWN,TWD,75.0,29.502,2013/1/1
Thailand,THA,THB,87.0,29.755,2013/1/1
Turkey,TUR,TRY,8.45,1.76875,2013/1/1
UAE,ARE,AED,12.0,3.67305,2013/1/1
Ukraine,UKR,UAH,19.0,8.144,2013/1/1
United States,USA,USD,4.367395833,1.0,2013/1/1
Uruguay,URY,UYU,105.0,19.28,2013/1/1
Venezuela,VEN,VEF,39.0,4.29465,2013/1/1
Argentina,ARG,ARS,21.0,5.4125,2013/7/1
Australia,AUS,AUD,5.035,1.089858863,2013/7/1
Austria,AUT,EUR,3.39,0.777756173,2013/7/1
Belgium,BEL,EUR,3.7,0.777756173,2013/7/1
Brazil,BRA,BRL,12.0,2.27065,2013/7/1
Britain,GBR,GBP,2.69,0.669142494,2013/7/1
Canada,CAN,CAD,5.53,1.05125,2013/7/1
Chile,CHL,CLP,2000.0,508.155,2013/7/1
China,CHN,CNY,16.0,6.1341,2013/7/1
Colombia,COL,COP,8600.0,1921.0,2013/7/1
Costa Rica,CRI,CRC,2150.0,498.675,2013/7/1
Czech Republic,CZE,CZK,70.45,20.1828,2013/7/1
Denmark,DNK,DKK,28.5,5.8006,2013/7/1
Egypt,EGY,EGP,16.75,7.00915,2013/7/1
Estonia,EST,EUR,2.75,0.777756173,2013/7/1
Euro area,EUZ,EUR,3.6238704889999998,0.777756173,2013/7/1
Finland,FIN,EUR,4.1,0.777756173,2013/7/1
France,FRA,EUR,3.9,0.777756173,2013/7/1
Germany,DEU,EUR,3.64,0.777756173,2013/7/1
Greece,GRC,EUR,2.6,0.777756173,2013/7/1
Hong Kong,HKG,HKD,17.0,7.75665,2013/7/1
Hungary,HUN,HUF,860.0,228.46200000000002,2013/7/1
India,IND,INR,90.0,59.98,2013/7/1
Indonesia,IDN,IDR,27939.0,9965.0,2013/7/1
Ireland,IRL,EUR,3.46,0.777756173,2013/7/1
Israel,ISR,ILS,17.5,3.64595,2013/7/1
Italy,ITA,EUR,3.75,0.777756173,2013/7/1
Japan,JPN,JPY,320.0,100.105,2013/7/1
Malaysia,MYS,MYR,7.3,3.1805,2013/7/1
Mexico,MEX,MXN,37.0,12.94115,2013/7/1
Netherlands,NLD,EUR,3.45,0.777756173,2013/7/1
New Zealand,NZL,NZD,5.5,1.279344975,2013/7/1
Norway,NOR,NOK,46.0,6.1281,2013/7/1
Pakistan,PAK,PKR,300.0,100.035,2013/7/1
Peru,PER,PEN,10.0,2.783,2013/7/1
Philippines,PHL,PHP,115.21,43.44,2013/7/1
Poland,POL,PLN,9.2,3.3655,2013/7/1
Portugal,PRT,EUR,2.95,0.777756173,2013/7/1
Russia,RUS,RUB,87.0,32.9389,2013/7/1
Saudi Arabia,SAU,SAR,10.0,3.7502,2013/7/1
Singapore,SGP,SGD,4.7,1.2747,2013/7/1
South Africa,ZAF,ZAR,22.5,10.04725,2013/7/1
South Korea,KOR,KRW,3900.0,1135.7,2013/7/1
Spain,ESP,EUR,3.5,0.777756173,2013/7/1
Sri Lanka,LKA,LKR,370.0,130.8,2013/7/1
Sweden,SWE,SEK,41.61,6.7583,2013/7/1
Switzerland,CHE,CHF,6.5,0.9674,2013/7/1
Taiwan,TWN,TWD,79.0,30.0285,2013/7/1
Thailand,THA,THB,89.0,31.275,2013/7/1
Turkey,TUR,TRY,8.5,1.95745,2013/7/1
UAE,ARE,AED,12.0,3.673,2013/7/1
Ukraine,UKR,UAH,19.0,8.155,2013/7/1
United States,USA,USD,4.556666667,1.0,2013/7/1
Uruguay,URY,UYU,105.0,21.085,2013/7/1
Venezuela,VEN,VEF,45.0,6.2921,2013/7/1
Argentina,ARG,ARS,21.0,6.92125,2014/1/1
Australia,AUS,AUD,5.05,1.128859288,2014/1/1
Austria,AUT,EUR,3.39,0.737218475,2014/1/1
Belgium,BEL,EUR,3.95,0.737218475,2014/1/1
Brazil,BRA,BRL,12.4,2.36305,2014/1/1
Britain,GBR,GBP,2.79,0.603009015,2014/1/1
Canada,CAN,CAD,5.54,1.1051,2014/1/1
Chile,CHL,CLP,2000.0,541.95,2014/1/1
China,CHN,CNY,16.6,6.0513,2014/1/1
Colombia,COL,COP,8600.0,1982.795,2014/1/1
Costa Rica,CRI,CRC,2150.0,501.92,2014/1/1
Czech Republic,CZE,CZK,70.45,20.2838,2014/1/1
Denmark,DNK,DKK,28.5,5.5014,2014/1/1
Egypt,EGY,EGP,16.93,6.961,2014/1/1
Estonia,EST,EUR,2.8,0.737218475,2014/1/1
Euro area,EUZ,EUR,3.657962724,0.737218475,2014/1/1
Finland,FIN,EUR,4.1,0.737218475,2014/1/1
France,FRA,EUR,3.8,0.737218475,2014/1/1
Germany,DEU,EUR,3.67,0.737218475,2014/1/1
Greece,GRC,EUR,3.05,0.737218475,2014/1/1
Hong Kong,HKG,HKD,18.0,7.75785,2014/1/1
Hungary,HUN,HUF,860.0,223.09705,2014/1/1
India,IND,INR,95.0,61.845,2014/1/1
Indonesia,IDN,IDR,27939.0,12140.0,2014/1/1
Ireland,IRL,EUR,3.46,0.737218475,2014/1/1
Israel,ISR,ILS,17.5,3.4882,2014/1/1
Italy,ITA,EUR,3.85,0.737218475,2014/1/1
Japan,JPN,JPY,310.0,104.245,2014/1/1
Lithuania,LTU,EUR,8.8,2.5454,2014/1/1
Malaysia,MYS,MYR,7.4,3.3235,2014/1/1
Mexico,MEX,MXN,37.0,13.33275,2014/1/1
Netherlands,NLD,EUR,3.45,0.737218475,2014/1/1
New Zealand,NZL,NZD,5.5,1.203007519,2014/1/1
Norway,NOR,NOK,48.0,6.15745,2014/1/1
Pakistan,PAK,PKR,320.0,105.415,2014/1/1
Peru,PER,PEN,10.0,2.8065,2014/1/1
Philippines,PHL,PHP,135.0,45.23,2014/1/1
Poland,POL,PLN,9.2,3.0684,2014/1/1
Portugal,PRT,EUR,3.0,0.737218475,2014/1/1
Russia,RUS,RUB,89.0,33.93925,2014/1/1
Saudi Arabia,SAU,SAR,11.0,3.7504,2014/1/1
Singapore,SGP,SGD,4.6,1.27885,2014/1/1
South Africa,ZAF,ZAR,23.5,10.87765,2014/1/1
South Korea,KOR,KRW,3700.0,1067.3,2014/1/1
Spain,ESP,EUR,3.65,0.737218475,2014/1/1
Sri Lanka,LKA,LKR,350.0,130.8,2014/1/1
Sweden,SWE,SEK,40.7,6.47315,2014/1/1
Switzerland,CHE,CHF,6.5,0.91005,2014/1/1
Taiwan,TWN,TWD,79.0,30.160999999999998,2014/1/1
UAE,ARE,AED,12.0,3.673,2014/1/1
Ukraine,UKR,UAH,19.0,8.379,2014/1/1
United States,USA,USD,4.624166667,1.0,2014/1/1
Uruguay,URY,UYU,105.0,21.38,2014/1/1
Venezuela,VEN,VEF,45.0,6.2921,2014/1/1
Argentina,ARG,ARS,21.0,8.16875,2014/7/1
Australia,AUS,AUD,5.1,1.059378145,2014/7/1
Austria,AUT,EUR,3.39,0.7427489140000001,2014/7/1
Belgium,BEL,EUR,3.7,0.7427489140000001,2014/7/1
Brazil,BRA,BRL,13.0,2.22025,2014/7/1
Britain,GBR,GBP,2.89,0.586785589,2014/7/1
Canada,CAN,CAD,5.64,1.07405,2014/7/1
Chile,CHL,CLP,2100.0,564.14,2014/7/1
China,CHN,CNY,16.9,6.1983,2014/7/1
Colombia,COL,COP,8600.0,1847.65,2014/7/1
Costa Rica,CRI,CRC,2150.0,537.3,2014/7/1
Czech Republic,CZE,CZK,70.45,20.3877,2014/7/1
Denmark,DNK,DKK,28.5,5.5388,2014/7/1
Egypt,EGY,EGP,16.93,7.15005,2014/7/1
Estonia,EST,EUR,2.9,0.7427489140000001,2014/7/1
Euro area,EUZ,EUR,3.67923829,0.7427489140000001,2014/7/1
Finland,FIN,EUR,4.1,0.7427489140000001,2014/7/1
France,FRA,EUR,3.9,0.7427489140000001,2014/7/1
Germany,DEU,EUR,3.67,0.7427489140000001,2014/7/1
Greece,GRC,EUR,3.05,0.7427489140000001,2014/7/1
Hong Kong,HKG,HKD,18.8,7.75045,2014/7/1
Hungary,HUN,HUF,860.0,228.30615,2014/7/1
India,IND,INR,105.0,60.08875,2014/7/1
Indonesia,IDN,IDR,27939.0,11505.0,2014/7/1
Ireland,IRL,EUR,3.49,0.7427489140000001,2014/7/1
Israel,ISR,ILS,17.5,3.4138,2014/7/1
Italy,ITA,EUR,3.85,0.7427489140000001,2014/7/1
Japan,JPN,JPY,370.0,101.53,2014/7/1
Lithuania,LTU,EUR,8.95,2.56455,2014/7/1
Malaysia,MYS,MYR,7.63,3.1675,2014/7/1
Mexico,MEX,MXN,42.0,12.93255,2014/7/1
Netherlands,NLD,EUR,3.45,0.7427489140000001,2014/7/1
New Zealand,NZL,NZD,5.7,1.152737752,2014/7/1
Norway,NOR,NOK,48.0,6.1873,2014/7/1
Pakistan,PAK,PKR,300.0,98.68,2014/7/1
Peru,PER,PEN,10.0,2.7880000000000003,2014/7/1
Philippines,PHL,PHP,160.0,43.205,2014/7/1
Poland,POL,PLN,9.2,3.0714,2014/7/1
Portugal,PRT,EUR,3.0,0.7427489140000001,2014/7/1
Russia,RUS,RUB,89.0,34.83725,2014/7/1
Saudi Arabia,SAU,SAR,11.0,3.75035,2014/7/1
Singapore,SGP,SGD,4.7,1.238,2014/7/1
South Africa,ZAF,ZAR,24.5,10.5145,2014/7/1
South Korea,KOR,KRW,4100.0,1023.75,2014/7/1
Spain,ESP,EUR,3.65,0.7427489140000001,2014/7/1
Sri Lanka,LKA,LKR,350.0,130.255,2014/7/1
Sweden,SWE,SEK,40.7,6.836,2014/7/1
Switzerland,CHE,CHF,6.16,0.9024,2014/7/1
Taiwan,TWN,TWD,79.0,29.982,2014/7/1
Thailand,THA,THB,99.0,31.78,2014/7/1
Turkey,TUR,TRY,9.25,2.09125,2014/7/1
UAE,ARE,AED,13.0,3.67305,2014/7/1
Ukraine,UKR,UAH,19.0,11.685,2014/7/1
United States,USA,USD,4.795,1.0,2014/7/1
Uruguay,URY,UYU,113.0,22.97,2014/7/1
Venezuela,VEN,VEF,75.0,11.0,2014/7/1
Vietnam,VNM,VND,60000.0,21230.0,2014/7/1
Argentina,ARG,ARS,28.0,8.61,2015/1/1
Australia,AUS,AUD,5.3,1.227219734,2015/1/1
Austria,AUT,EUR,3.39,0.8630734040000001,2015/1/1
Belgium,BEL,EUR,3.7,0.8630734040000001,2015/1/1
Brazil,BRA,BRL,13.5,2.59275,2015/1/1
Britain,GBR,GBP,2.89,0.6615944429999999,2015/1/1
Canada,CAN,CAD,5.7,1.22855,2015/1/1
Chile,CHL,CLP,2100.0,627.485,2015/1/1
China,CHN,CNY,17.2,6.2115,2015/1/1
Colombia,COL,COP,7900.0,2364.98,2015/1/1
Costa Rica,CRI,CRC,2150.0,536.09,2015/1/1
Czech Republic,CZE,CZK,70.45,24.13325,2015/1/1
Denmark,DNK,DKK,34.5,6.4174,2015/1/1
Egypt,EGY,EGP,16.93,7.35005,2015/1/1
Estonia,EST,EUR,2.9,0.8630734040000001,2015/1/1
Euro area,EUZ,EUR,3.68,0.8630734040000001,2015/1/1
Finland,FIN,EUR,4.1,0.8630734040000001,2015/1/1
France,FRA,EUR,3.9,0.8630734040000001,2015/1/1
Germany,DEU,EUR,3.67,0.8630734040000001,2015/1/1
Greece,GRC,EUR,3.05,0.8630734040000001,2015/1/1
Hong Kong,HKG,HKD,18.8,7.75135,2015/1/1
Hungary,HUN,HUF,860.0,271.39345,2015/1/1
India,IND,INR,116.25,61.615,2015/1/1
Indonesia,IDN,IDR,27939.0,12480.0,2015/1/1
Ireland,IRL,EUR,3.49,0.8630734040000001,2015/1/1
Israel,ISR,ILS,17.5,3.93415,2015/1/1
Italy,ITA,EUR,3.85,0.8630734040000001,2015/1/1
Japan,JPN,JPY,370.0,117.765,2015/1/1
Malaysia,MYS,MYR,7.63,3.6155,2015/1/1
Mexico,MEX,MXN,49.0,14.6275,2015/1/1
Netherlands,NLD,EUR,3.45,0.8630734040000001,2015/1/1
New Zealand,NZL,NZD,5.9,1.313283866,2015/1/1
Norway,NOR,NOK,48.0,7.6225,2015/1/1
Pakistan,PAK,PKR,300.0,100.735,2015/1/1
Peru,PER,PEN,10.0,3.008,2015/1/1
Philippines,PHL,PHP,163.0,44.41,2015/1/1
Poland,POL,PLN,9.2,3.7066,2015/1/1
Portugal,PRT,EUR,3.0,0.8630734040000001,2015/1/1
Russia,RUS,RUB,89.0,65.227,2015/1/1
Saudi Arabia,SAU,SAR,11.0,3.7569,2015/1/1
Singapore,SGP,SGD,4.7,1.33315,2015/1/1
South Africa,ZAF,ZAR,25.5,11.47875,2015/1/1
South Korea,KOR,KRW,4100.0,1083.3,2015/1/1
Spain,ESP,EUR,3.65,0.8630734040000001,2015/1/1
Sri Lanka,LKA,LKR,350.0,131.875,2015/1/1
Sweden,SWE,SEK,40.7,8.19145,2015/1/1
Switzerland,CHE,CHF,6.5,0.86165,2015/1/1
Taiwan,TWN,TWD,79.0,31.493000000000002,2015/1/1
Thailand,THA,THB,99.0,32.605,2015/1/1
Turkey,TUR,TRY,9.25,2.33345,2015/1/1
UAE,ARE,AED,13.0,3.67305,2015/1/1
Ukraine,UKR,UAH,19.0,15.822000000000001,2015/1/1
United States,USA,USD,4.79,1.0,2015/1/1
Uruguay,URY,UYU,113.0,24.425,2015/1/1
Venezuela,VEN,VEF,132.0,52.1021,2015/1/1
Vietnam,VNM,VND,60000.0,21380.0,2015/1/1
Argentina,ARG,ARS,28.0,9.135,2015/7/1
Australia,AUS,AUD,5.3,1.35126005,2015/7/1
Austria,AUT,EUR,3.39,0.9127002240000001,2015/7/1
Belgium,BEL,EUR,3.7,0.9127002240000001,2015/7/1
Brazil,BRA,BRL,13.5,3.15235,2015/7/1
Britain,GBR,GBP,2.89,0.640450877,2015/7/1
Canada,CAN,CAD,5.85,1.2897,2015/7/1
Chile,CHL,CLP,2100.0,642.45,2015/7/1
China,CHN,CNY,17.0,6.2092,2015/7/1
Colombia,COL,COP,7900.0,2708.9,2015/7/1
Costa Rica,CRI,CRC,2150.0,533.3,2015/7/1
Czech Republic,CZE,CZK,70.0,24.70225,2015/7/1
Denmark,DNK,DKK,34.59,6.81105,2015/7/1
Egypt,EGY,EGP,16.93,7.83005,2015/7/1
Estonia,EST,EUR,2.95,0.9127002240000001,2015/7/1
Euro area,EUZ,EUR,3.7,0.9127002240000001,2015/7/1
Finland,FIN,EUR,4.1,0.9127002240000001,2015/7/1
France,FRA,EUR,4.1,0.9127002240000001,2015/7/1
Germany,DEU,EUR,3.59,0.9127002240000001,2015/7/1
Greece,GRC,EUR,3.05,0.9127002240000001,2015/7/1
Hong Kong,HKG,HKD,19.2,7.7508,2015/7/1
Hungary,HUN,HUF,900.0,282.8778,2015/7/1
India,IND,INR,116.25,63.43,2015/7/1
Indonesia,IDN,IDR,30500.0,13344.5,2015/7/1
Ireland,IRL,EUR,3.7,0.9127002240000001,2015/7/1
Israel,ISR,ILS,17.5,3.77835,2015/7/1
Italy,ITA,EUR,4.0,0.9127002240000001,2015/7/1
Japan,JPN,JPY,370.0,123.935,2015/7/1
Malaysia,MYS,MYR,7.65,3.8065,2015/7/1
Mexico,MEX,MXN,49.0,15.73975,2015/7/1
Netherlands,NLD,EUR,3.45,0.9127002240000001,2015/7/1
New Zealand,NZL,NZD,5.9,1.509092281,2015/7/1
Norway,NOR,NOK,46.0,8.14255,2015/7/1
Pakistan,PAK,PKR,350.0,101.7,2015/7/1
Peru,PER,PEN,10.0,3.1835,2015/7/1
Philippines,PHL,PHP,163.0,45.2125,2015/7/1
Poland,POL,PLN,9.6,3.7736,2015/7/1
Portugal,PRT,EUR,3.0,0.9127002240000001,2015/7/1
Russia,RUS,RUB,107.0,56.815,2015/7/1
Saudi Arabia,SAU,SAR,12.0,3.75055,2015/7/1
Singapore,SGP,SGD,4.7,1.3664,2015/7/1
South Africa,ZAF,ZAR,26.0,12.41455,2015/7/1
South Korea,KOR,KRW,4300.0,1143.5,2015/7/1
Spain,ESP,EUR,3.65,0.9127002240000001,2015/7/1
Sri Lanka,LKA,LKR,350.0,133.85,2015/7/1
Sweden,SWE,SEK,43.7,8.52265,2015/7/1
Switzerland,CHE,CHF,6.5,0.9528,2015/7/1
Taiwan,TWN,TWD,79.0,31.02,2015/7/1
Thailand,THA,THB,108.0,34.0875,2015/7/1
Turkey,TUR,TRY,10.25,2.6457,2015/7/1
UAE,ARE,AED,13.0,3.67295,2015/7/1
Ukraine,UKR,UAH,34.0,21.95,2015/7/1
United States,USA,USD,4.79,1.0,2015/7/1
Uruguay,URY,UYU,113.0,27.345,2015/7/1
Venezuela,VEN,VEF,132.0,197.0,2015/7/1
Vietnam,VNM,VND,60000.0,21810.0,2015/7/1
Argentina,ARG,ARS,33.0,13.80925,2016/1/1
Australia,AUS,AUD,5.3,1.4157287459999999,2016/1/1
Austria,AUT,EUR,3.5,0.9302325579999999,2016/1/1
Belgium,BEL,EUR,3.95,0.9302325579999999,2016/1/1
Brazil,BRA,BRL,13.5,4.0248,2016/1/1
Britain,GBR,GBP,2.89,0.684532977,2016/1/1
Canada,CAN,CAD,5.84,1.4092,2016/1/1
Chile,CHL,CLP,2100.0,715.215,2016/1/1
China,CHN,CNY,17.6,6.5582,2016/1/1
Colombia,COL,COP,7900.0,3253.9,2016/1/1
Costa Rica,CRI,CRC,2150.0,535.25,2016/1/1
Czech Republic,CZE,CZK,75.0,25.1442,2016/1/1
Denmark,DNK,DKK,30.0,6.9405,2016/1/1
Egypt,EGY,EGP,16.93,7.83005,2016/1/1
Estonia,EST,EUR,3.0,0.9302325579999999,2016/1/1
Euro area,EUZ,EUR,3.72,0.9302325579999999,2016/1/1
Finland,FIN,EUR,4.1,0.9302325579999999,2016/1/1
France,FRA,EUR,4.1,0.9302325579999999,2016/1/1
Germany,DEU,EUR,3.59,0.9302325579999999,2016/1/1
Greece,GRC,EUR,3.35,0.9302325579999999,2016/1/1
Hong Kong,HKG,HKD,19.2,7.75235,2016/1/1
Hungary,HUN,HUF,900.0,292.67905,2016/1/1
India,IND,INR,127.0,66.8025,2016/1/1
Indonesia,IDN,IDR,30500.0,13947.5,2016/1/1
Ireland,IRL,EUR,3.95,0.9302325579999999,2016/1/1
Israel,ISR,ILS,16.9,3.94105,2016/1/1
Italy,ITA,EUR,4.0,0.9302325579999999,2016/1/1
Japan,JPN,JPY,370.0,118.645,2016/1/1
Malaysia,MYS,MYR,8.0,4.3925,2016/1/1
Mexico,MEX,MXN,49.0,17.43675,2016/1/1
Netherlands,NLD,EUR,3.45,0.9302325579999999,2016/1/1
New Zealand,NZL,NZD,5.9,1.508068165,2016/1/1
Norway,NOR,NOK,46.8,8.97465,2016/1/1
Pakistan,PAK,PKR,300.0,104.885,2016/1/1
Peru,PER,PEN,10.0,3.418,2016/1/1
Philippines,PHL,PHP,131.0,47.0225,2016/1/1
Poland,POL,PLN,9.6,4.0477,2016/1/1
Portugal,PRT,EUR,3.0,0.9302325579999999,2016/1/1
Russia,RUS,RUB,114.0,74.655,2016/1/1
Saudi Arabia,SAU,SAR,12.0,3.7543,2016/1/1
Singapore,SGP,SGD,4.7,1.43725,2016/1/1
South Africa,ZAF,ZAR,28.0,15.81375,2016/1/1
South Korea,KOR,KRW,4300.0,1197.75,2016/1/1
Spain,ESP,EUR,3.5,0.9302325579999999,2016/1/1
Sri Lanka,LKA,LKR,350.0,144.05,2016/1/1
Sweden,SWE,SEK,45.0,8.60185,2016/1/1
Switzerland,CHE,CHF,6.5,1.0088,2016/1/1
Taiwan,TWN,TWD,69.0,33.2315,2016/1/1
Thailand,THA,THB,112.0,36.22,2016/1/1
Turkey,TUR,TRY,10.25,3.0096,2016/1/1
UAE,ARE,AED,13.0,3.6731,2016/1/1
Ukraine,UKR,UAH,36.0,23.35,2016/1/1
United States,USA,USD,4.93,1.0,2016/1/1
Uruguay,URY,UYU,113.0,30.185,2016/1/1
Venezuela,VEN,VEF,132.0,198.6986,2016/1/1
Vietnam,VNM,VND,60000.0,22467.5,2016/1/1
Argentina,ARG,ARS,50.0,14.935,2016/7/1
Australia,AUS,AUD,5.75,1.335737661,2016/7/1
Austria,AUT,EUR,3.6,0.908306463,2016/7/1
Belgium,BEL,EUR,3.95,0.908306463,2016/7/1
Brazil,BRA,BRL,15.5,3.24145,2016/7/1
Britain,GBR,GBP,2.99,0.758840492,2016/7/1
Canada,CAN,CAD,6.0,1.3030000000000002,2016/7/1
Chile,CHL,CLP,2300.0,651.12,2016/7/1
China,CHN,CNY,18.6,6.678,2016/7/1
Colombia,COL,COP,8900.0,2929.0,2016/7/1
Costa Rica,CRI,CRC,2250.0,546.39,2016/7/1
Czech Republic,CZE,CZK,75.0,24.54655,2016/7/1
Denmark,DNK,DKK,30.0,6.75715,2016/7/1
Egypt,EGY,EGP,23.0,8.87995,2016/7/1
Estonia,EST,EUR,3.1,0.908306463,2016/7/1
Euro area,EUZ,EUR,3.82,0.908306463,2016/7/1
Finland,FIN,EUR,4.6,0.908306463,2016/7/1
France,FRA,EUR,4.1,0.908306463,2016/7/1
Germany,DEU,EUR,3.79,0.908306463,2016/7/1
Greece,GRC,EUR,3.35,0.908306463,2016/7/1
Hong Kong,HKG,HKD,19.2,7.7554,2016/7/1
Hungary,HUN,HUF,900.0,285.6397,2016/7/1
India,IND,INR,162.0,67.2,2016/7/1
Indonesia,IDN,IDR,31000.0,13112.5,2016/7/1
Ireland,IRL,EUR,4.0,0.908306463,2016/7/1
Israel,ISR,ILS,16.9,3.85875,2016/7/1
Italy,ITA,EUR,4.2,0.908306463,2016/7/1
Japan,JPN,JPY,370.0,106.725,2016/7/1
Malaysia,MYS,MYR,8.0,4.027,2016/7/1
Mexico,MEX,MXN,44.0,18.535,2016/7/1
Netherlands,NLD,EUR,3.45,0.908306463,2016/7/1
New Zealand,NZL,NZD,6.0,1.4213630869999998,2016/7/1
Norway,NOR,NOK,46.8,8.49355,2016/7/1
Pakistan,PAK,PKR,375.0,104.82,2016/7/1
Peru,PER,PEN,10.0,3.30585,2016/7/1
Philippines,PHL,PHP,133.0,47.115,2016/7/1
Poland,POL,PLN,9.6,3.96565,2016/7/1
Portugal,PRT,EUR,3.05,0.908306463,2016/7/1
Russia,RUS,RUB,130.0,63.40755,2016/7/1
Saudi Arabia,SAU,SAR,12.0,3.7505,2016/7/1
Singapore,SGP,SGD,5.45,1.3577,2016/7/1
South Africa,ZAF,ZAR,30.0,14.27375,2016/7/1
South Korea,KOR,KRW,4400.0,1140.95,2016/7/1
Spain,ESP,EUR,3.5,0.908306463,2016/7/1
Sri Lanka,LKA,LKR,530.0,146.2,2016/7/1
Sweden,SWE,SEK,44.94,8.59485,2016/7/1
Switzerland,CHE,CHF,6.5,0.9861,2016/7/1
Taiwan,TWN,TWD,69.0,32.029,2016/7/1
Thailand,THA,THB,119.0,34.965,2016/7/1
Turkey,TUR,TRY,10.75,3.04305,2016/7/1
UAE,ARE,AED,13.0,3.6731,2016/7/1
Ukraine,UKR,UAH,39.0,24.8,2016/7/1
United States,USA,USD,5.04,1.0,2016/7/1
Uruguay,URY,UYU,123.0,30.165,2016/7/1
Venezuela,VEN,VEF,2170.0,641.4001,2016/7/1
Vietnam,VNM,VND,60000.0,22300.0,2016/7/1
Argentina,ARG,ARS,55.0,15.8575,2017/1/1
Australia,AUS,AUD,5.8,1.3566680230000001,2017/1/1
Austria,AUT,EUR,3.4,0.955246692,2017/1/1
Belgium,BEL,EUR,3.95,0.955246692,2017/1/1
Brazil,BRA,BRL,16.5,3.22395,2017/1/1
Britain,GBR,GBP,3.09,0.82877507,2017/1/1
Canada,CAN,CAD,5.98,1.3259999999999998,2017/1/1
Chile,CHL,CLP,2450.0,672.805,2017/1/1
China,CHN,CNY,19.6,6.9266,2017/1/1
Colombia,COL,COP,9900.0,2994.625,2017/1/1
Costa Rica,CRI,CRC,2250.0,554.33,2017/1/1
Czech Republic,CZE,CZK,75.0,25.81175,2017/1/1
Denmark,DNK,DKK,30.0,7.10125,2017/1/1
Egypt,EGY,EGP,27.49,18.77,2017/1/1
Estonia,EST,EUR,3.1,0.955246692,2017/1/1
Euro area,EUZ,EUR,3.88,0.955246692,2017/1/1
Finland,FIN,EUR,4.55,0.955246692,2017/1/1
France,FRA,EUR,4.1,0.955246692,2017/1/1
Germany,DEU,EUR,3.79,0.955246692,2017/1/1
Greece,GRC,EUR,3.35,0.955246692,2017/1/1
Hong Kong,HKG,HKD,19.2,7.75595,2017/1/1
Hungary,HUN,HUF,900.0,294.6172,2017/1/1
India,IND,INR,170.0,68.3275,2017/1/1
Indonesia,IDN,IDR,31000.0,13329.0,2017/1/1
Ireland,IRL,EUR,4.0,0.955246692,2017/1/1
Israel,ISR,ILS,16.9,3.855,2017/1/1
Italy,ITA,EUR,4.2,0.955246692,2017/1/1
Japan,JPN,JPY,380.0,116.665,2017/1/1
Malaysia,MYS,MYR,8.0,4.4715,2017/1/1
Mexico,MEX,MXN,49.0,21.9505,2017/1/1
Netherlands,NLD,EUR,3.61,0.955246692,2017/1/1
New Zealand,NZL,NZD,6.0,1.43358899,2017/1/1
Norway,NOR,NOK,49.0,8.64835,2017/1/1
Pakistan,PAK,PKR,375.0,104.775,2017/1/1
Peru,PER,PEN,11.0,3.3929,2017/1/1
Philippines,PHL,PHP,133.0,49.615,2017/1/1
Poland,POL,PLN,9.6,4.17215,2017/1/1
Portugal,PRT,EUR,3.05,0.955246692,2017/1/1
Russia,RUS,RUB,130.0,60.4375,2017/1/1
Saudi Arabia,SAU,SAR,12.0,3.75065,2017/1/1
Singapore,SGP,SGD,5.6,1.43875,2017/1/1
South Africa,ZAF,ZAR,26.32,13.9525,2017/1/1
South Korea,KOR,KRW,4400.0,1196.45,2017/1/1
Spain,ESP,EUR,3.95,0.955246692,2017/1/1
Sri Lanka,LKA,LKR,550.0,150.06,2017/1/1
Sweden,SWE,SEK,48.0,9.12455,2017/1/1
Switzerland,CHE,CHF,6.5,1.0236,2017/1/1
Taiwan,TWN,TWD,69.0,31.905,2017/1/1
Thailand,THA,THB,119.0,35.573,2017/1/1
Turkey,TUR,TRY,10.75,3.91115,2017/1/1
UAE,ARE,AED,13.0,3.673,2017/1/1
Ukraine,UKR,UAH,42.0,27.235,2017/1/1
United States,USA,USD,5.06,1.0,2017/1/1
Uruguay,URY,UYU,125.0,28.725,2017/1/1
Venezuela,VEN,VEF,3550.0,676.6047,2017/1/1
Vietnam,VNM,VND,60000.0,22572.0,2017/1/1
Argentina,ARG,ARS,70.0,16.9675,2017/7/1
Australia,AUS,AUD,5.9,1.303016483,2017/7/1
Austria,AUT,EUR,3.4,0.875695083,2017/7/1
Belgium,BEL,EUR,4.05,0.875695083,2017/7/1
Brazil,BRA,BRL,16.5,3.2343,2017/7/1
Britain,GBR,GBP,3.19,0.775885479,2017/7/1
Canada,CAN,CAD,5.97,1.2823,2017/7/1
Chile,CHL,CLP,2550.0,663.355,2017/7/1
China,CHN,CNY,19.8,6.7875,2017/7/1
Colombia,COL,COP,9900.0,3052.16,2017/7/1
Costa Rica,CRI,CRC,2290.0,572.495,2017/7/1
Czech Republic,CZE,CZK,75.0,22.8561,2017/7/1
Denmark,DNK,DKK,30.0,6.51255,2017/7/1
Egypt,EGY,EGP,31.37,17.885,2017/7/1
Estonia,EST,EUR,3.15,0.875695083,2017/7/1
Euro area,EUZ,EUR,3.91,0.875695083,2017/7/1
Finland,FIN,EUR,4.56,0.875695083,2017/7/1
France,FRA,EUR,4.1,0.875695083,2017/7/1
Germany,DEU,EUR,3.9,0.875695083,2017/7/1
Greece,GRC,EUR,3.35,0.875695083,2017/7/1
Hong Kong,HKG,HKD,19.2,7.8115,2017/7/1
Hungary,HUN,HUF,862.0,268.6239,2017/7/1
India,IND,INR,178.0,64.5575,2017/7/1
Indonesia,IDN,IDR,32126.0,13369.5,2017/7/1
Ireland,IRL,EUR,4.07,0.875695083,2017/7/1
Israel,ISR,ILS,16.9,3.5405,2017/7/1
Italy,ITA,EUR,4.2,0.875695083,2017/7/1
Japan,JPN,JPY,380.0,113.06,2017/7/1
Malaysia,MYS,MYR,8.6,4.2935,2017/7/1
Mexico,MEX,MXN,49.0,17.79075,2017/7/1
Netherlands,NLD,EUR,3.61,0.875695083,2017/7/1
New Zealand,NZL,NZD,6.1,1.376273053,2017/7/1
Norway,NOR,NOK,49.0,8.2852,2017/7/1
Pakistan,PAK,PKR,375.0,105.15,2017/7/1
Peru,PER,PEN,10.5,3.2515,2017/7/1
Philippines,PHL,PHP,134.0,50.5765,2017/7/1
Poland,POL,PLN,10.1,3.7086,2017/7/1
Portugal,PRT,EUR,3.25,0.875695083,2017/7/1
Russia,RUS,RUB,137.0,60.1369,2017/7/1
Saudi Arabia,SAU,SAR,12.0,3.75015,2017/7/1
Singapore,SGP,SGD,5.6,1.3777,2017/7/1
South Africa,ZAF,ZAR,30.0,13.27,2017/7/1
South Korea,KOR,KRW,4400.0,1144.65,2017/7/1
Spain,ESP,EUR,3.8,0.875695083,2017/7/1
Sri Lanka,LKA,LKR,580.0,153.725,2017/7/1
Sweden,SWE,SEK,48.97,8.41565,2017/7/1
Switzerland,CHE,CHF,6.5,0.96415,2017/7/1
Taiwan,TWN,TWD,69.0,30.4775,2017/7/1
Thailand,THA,THB,119.0,34.0365,2017/7/1
Turkey,TUR,TRY,10.75,3.57605,2017/7/1
UAE,ARE,AED,14.0,3.673,2017/7/1
Ukraine,UKR,UAH,44.0,25.915,2017/7/1
United States,USA,USD,5.3,1.0,2017/7/1
Uruguay,URY,UYU,130.0,28.705,2017/7/1
Venezuela,VEN,VEF,10950.0,2700.0,2017/7/1
Vietnam,VNM,VND,60000.0,22732.5,2017/7/1
Argentina,ARG,ARS,75.0,18.9375,2018/1/1
Australia,AUS,AUD,5.9,1.253682693,2018/1/1
Austria,AUT,EUR,3.4,0.816826629,2018/1/1
Belgium,BEL,EUR,4.1,0.816826629,2018/1/1
Brazil,BRA,BRL,16.5,3.2279,2018/1/1
Britain,GBR,GBP,3.19,0.72285673,2018/1/1
Canada,CAN,CAD,6.55,1.2459,2018/1/1
Chile,CHL,CLP,2600.0,605.935,2018/1/1
China,CHN,CNY,20.4,6.432,2018/1/1
Colombia,COL,COP,10900.0,2844.12,2018/1/1
Costa Rica,CRI,CRC,2290.0,568.53,2018/1/1
Czech Republic,CZE,CZK,79.0,20.747,2018/1/1
Denmark,DNK,DKK,30.0,6.0827,2018/1/1
Egypt,EGY,EGP,34.21,17.7,2018/1/1
Estonia,EST,EUR,3.15,0.816826629,2018/1/1
Euro area,EUZ,EUR,3.95,0.816826629,2018/1/1
Finland,FIN,EUR,4.56,0.816826629,2018/1/1
France,FRA,EUR,4.2,0.816826629,2018/1/1
Germany,DEU,EUR,3.9,0.816826629,2018/1/1
Greece,GRC,EUR,3.35,0.816826629,2018/1/1
Hong Kong,HKG,HKD,20.5,7.819,2018/1/1
Hungary,HUN,HUF,864.0,252.14215,2018/1/1
India,IND,INR,180.0,63.86125,2018/1/1
Indonesia,IDN,IDR,35750.0,13359.0,2018/1/1
Ireland,IRL,EUR,4.07,0.816826629,2018/1/1
Israel,ISR,ILS,16.5,3.43635,2018/1/1
Italy,ITA,EUR,4.2,0.816826629,2018/1/1
Japan,JPN,JPY,380.0,110.725,2018/1/1
Malaysia,MYS,MYR,9.0,3.9539999999999997,2018/1/1
Mexico,MEX,MXN,48.0,18.6635,2018/1/1
Netherlands,NLD,EUR,3.71,0.816826629,2018/1/1
New Zealand,NZL,NZD,6.2,1.374664925,2018/1/1
Norway,NOR,NOK,49.0,7.8501,2018/1/1
Pakistan,PAK,PKR,375.0,110.505,2018/1/1
Peru,PER,PEN,10.5,3.2119999999999997,2018/1/1
Philippines,PHL,PHP,134.0,50.725,2018/1/1
Poland,POL,PLN,10.1,3.40575,2018/1/1
Portugal,PRT,EUR,3.2,0.816826629,2018/1/1
Russia,RUS,RUB,130.0,56.745,2018/1/1
Saudi Arabia,SAU,SAR,12.0,3.7503,2018/1/1
Singapore,SGP,SGD,5.8,1.32255,2018/1/1
South Africa,ZAF,ZAR,30.0,12.25815,2018/1/1
South Korea,KOR,KRW,4400.0,1069.25,2018/1/1
Spain,ESP,EUR,3.95,0.816826629,2018/1/1
Sri Lanka,LKA,LKR,580.0,153.8,2018/1/1
Sweden,SWE,SEK,49.1,8.0188,2018/1/1
Switzerland,CHE,CHF,6.5,0.96085,2018/1/1
Taiwan,TWN,TWD,69.0,29.553,2018/1/1
Thailand,THA,THB,119.0,31.95,2018/1/1
Turkey,TUR,TRY,10.75,3.8026,2018/1/1
UAE,ARE,AED,14.0,3.673,2018/1/1
Ukraine,UKR,UAH,47.0,28.715,2018/1/1
United States,USA,USD,5.28,1.0,2018/1/1
Uruguay,URY,UYU,140.0,28.58,2018/1/1
Venezuela,VEN,VEF,0.0,0.0,2018/1/1
Vietnam,VNM,VND,65000.0,22711.5,2018/1/1
United Arab Emirates,ARE,AED,14.0,3.67315,2018/7/1
Argentina,ARG,ARS,75.0,27.725,2018/7/1
Australia,AUS,AUD,6.05,1.339853956,2018/7/1
Austria,AUT,EUR,3.4,0.8532059209999999,2018/7/1
Azerbaijan,AZE,AZN,3.95,1.70175,2018/7/1
Belgium,BEL,EUR,4.1,0.8532059209999999,2018/7/1
Bahrain,BHR,BHD,1.2,0.37955,2018/7/1
Brazil,BRA,BRL,16.9,3.83835,2018/7/1
Canada,CAN,CAD,6.65,1.31235,2018/7/1
Switzerland,CHE,CHF,6.5,0.99325,2018/7/1
Chile,CHL,CLP,2640.0,651.73,2018/7/1
China,CHN,CNY,20.5,6.622000000000001,2018/7/1
Colombia,COL,COP,11900.0,2874.07,2018/7/1
Costa Rica,CRI,CRC,2290.0,567.8,2018/7/1
Czech Republic,CZE,CZK,75.0,22.06475,2018/7/1
Germany,DEU,EUR,4.12,0.8532059209999999,2018/7/1
Denmark,DNK,DKK,30.0,6.3591,2018/7/1
Egypt,EGY,EGP,31.37,17.905,2018/7/1
Spain,ESP,EUR,4.1,0.8532059209999999,2018/7/1
Estonia,EST,EUR,3.15,0.8532059209999999,2018/7/1
Euro area,EUZ,EUR,4.04,0.8532059209999999,2018/7/1
Finland,FIN,EUR,4.62,0.8532059209999999,2018/7/1
France,FRA,EUR,4.2,0.8532059209999999,2018/7/1
Britain,GBR,GBP,3.19,0.7538635509999999,2018/7/1
Greece,GRC,EUR,3.35,0.8532059209999999,2018/7/1
Guatemala,GTM,GTQ,25.0,7.4871,2018/7/1
Hong Kong,HKG,HKD,20.0,7.84825,2018/7/1
Honduras,HND,HNL,85.0,23.9926,2018/7/1
Croatia,HRV,HRK,21.0,6.31275,2018/7/1
Hungary,HUN,HUF,850.0,276.4302,2018/7/1
Indonesia,IDN,IDR,31500.0,14360.0,2018/7/1
India,IND,INR,173.0,68.825,2018/7/1
Ireland,IRL,EUR,4.07,0.8532059209999999,2018/7/1
Israel,ISR,ILS,17.0,3.6349,2018/7/1
Italy,ITA,EUR,4.2,0.8532059209999999,2018/7/1
Jordan,JOR,JOD,1.95,0.71005,2018/7/1
Japan,JPN,JPY,390.0,111.25,2018/7/1
South Korea,KOR,KRW,4500.0,1116.0,2018/7/1
Kuwait,KWT,KWD,1.05,0.3025,2018/7/1
Lebanon,LBN,LBP,6500.0,1511.0,2018/7/1
Sri Lanka,LKA,LKR,580.0,159.27,2018/7/1
Lithuania,LTU,EUR,2.8,0.8532059209999999,2018/7/1
Latvia,LVA,EUR,2.7,0.8532059209999999,2018/7/1
Moldova,MDA,MDL,43.0,16.6526,2018/7/1
Mexico,MEX,MXN,49.0,19.0515,2018/7/1
Malaysia,MYS,MYR,8.45,4.0225,2018/7/1
Nicaragua,NIC,NIO,103.0,31.5872,2018/7/1
Netherlands,NLD,EUR,3.79,0.8532059209999999,2018/7/1
Norway,NOR,NOK,42.0,8.0415,2018/7/1
New Zealand,NZL,NZD,6.2,1.464343242,2018/7/1
Oman,OMN,OMR,1.05,0.385,2018/7/1
Pakistan,PAK,PKR,375.0,121.49,2018/7/1
Peru,PER,PEN,10.5,3.2715,2018/7/1
Philippines,PHL,PHP,140.0,53.486999999999995,2018/7/1
Poland,POL,PLN,10.1,3.68695,2018/7/1
Portugal,PRT,EUR,3.25,0.8532059209999999,2018/7/1
Qatar,QAT,QAR,12.0,3.641,2018/7/1
Romania,ROU,RON,9.2,3.97325,2018/7/1
Russia,RUS,RUB,130.0,62.14065,2018/7/1
Saudi Arabia,SAU,SAR,12.0,3.7504,2018/7/1
Singapore,SGP,SGD,5.8,1.35585,2018/7/1
Slovakia,SVK,EUR,3.0,0.8532059209999999,2018/7/1
Slovenia,SVN,EUR,2.3,0.8532059209999999,2018/7/1
Sweden,SWE,SEK,51.0,8.7526,2018/7/1
Thailand,THA,THB,119.0,33.17,2018/7/1
Turkey,TUR,TRY,10.75,4.70625,2018/7/1
Taiwan,TWN,TWD,69.0,30.3725,2018/7/1
Ukraine,UKR,UAH,50.0,26.199,2018/7/1
Uruguay,URY,UYU,140.0,31.31,2018/7/1
United States,USA,USD,5.51,1.0,2018/7/1
Vietnam,VNM,VND,65000.0,23039.5,2018/7/1
South Africa,ZAF,ZAR,31.0,13.3619,2018/7/1
United Arab Emirates,ARE,AED,14.0,3.67315,2019/1/1
Argentina,ARG,ARS,75.0,37.455,2019/1/1
Australia,AUS,AUD,6.1,1.401639919,2019/1/1
Austria,AUT,EUR,3.76,0.8724861490000001,2019/1/1
Azerbaijan,AZE,AZN,3.95,1.6965,2019/1/1
Belgium,BEL,EUR,4.2,0.8724861490000001,2019/1/1
Bahrain,BHR,BHD,1.2,0.377,2019/1/1
Brazil,BRA,BRL,16.9,3.71795,2019/1/1
Canada,CAN,CAD,6.77,1.3314,2019/1/1
Switzerland,CHE,CHF,6.5,0.98165,2019/1/1
Chile,CHL,CLP,2640.0,678.99,2019/1/1
China,CHN,CNY,20.9,6.8497,2019/1/1
Colombia,COL,COP,11900.0,3191.5,2019/1/1
Costa Rica,CRI,CRC,2290.0,606.975,2019/1/1
Czech Republic,CZE,CZK,85.0,22.31165,2019/1/1
Germany,DEU,EUR,4.12,0.8724861490000001,2019/1/1
Denmark,DNK,DKK,30.0,6.51545,2019/1/1
Egypt,EGY,EGP,40.0,17.91,2019/1/1
Spain,ESP,EUR,3.95,0.8724861490000001,2019/1/1
Estonia,EST,EUR,3.2,0.8724861490000001,2019/1/1
Euro area,EUZ,EUR,4.05,0.8724861490000001,2019/1/1
Finland,FIN,EUR,4.62,0.8724861490000001,2019/1/1
France,FRA,EUR,4.2,0.8724861490000001,2019/1/1
Britain,GBR,GBP,3.19,0.78320802,2019/1/1
Greece,GRC,EUR,3.35,0.8724861490000001,2019/1/1
Guatemala,GTM,GTQ,25.0,7.7283,2019/1/1
Hong Kong,HKG,HKD,20.0,7.83435,2019/1/1
Honduras,HND,HNL,85.0,24.3391,2019/1/1
Croatia,HRV,HRK,21.0,6.47885,2019/1/1
Hungary,HUN,HUF,850.0,280.26875,2019/1/1
Indonesia,IDN,IDR,33000.0,14090.0,2019/1/1
India,IND,INR,178.0,69.685,2019/1/1
Ireland,IRL,EUR,4.07,0.8724861490000001,2019/1/1
Israel,ISR,ILS,17.0,3.70785,2019/1/1
Italy,ITA,EUR,4.2,0.8724861490000001,2019/1/1
Jordan,JOR,JOD,1.95,0.7096,2019/1/1
Japan,JPN,JPY,390.0,108.44,2019/1/1
South Korea,KOR,KRW,4500.0,1118.6,2019/1/1
Kuwait,KWT,KWD,1.05,0.3031,2019/1/1
Lebanon,LBN,LBP,6500.0,1507.0,2019/1/1
Sri Lanka,LKA,LKR,580.0,182.245,2019/1/1
Lithuania,LTU,EUR,2.85,0.8724861490000001,2019/1/1
Latvia,LVA,EUR,2.8,0.8724861490000001,2019/1/1
Moldova,MDA,MDL,40.0,17.262999999999998,2019/1/1
Mexico,MEX,MXN,49.0,19.30875,2019/1/1
Malaysia,MYS,MYR,9.05,4.1175,2019/1/1
Nicaragua,NIC,NIO,103.0,32.3607,2019/1/1
Netherlands,NLD,EUR,4.0,0.8724861490000001,2019/1/1
Norway,NOR,NOK,50.0,8.5329,2019/1/1
New Zealand,NZL,NZD,6.2,1.479289941,2019/1/1
Oman,OMN,OMR,1.05,0.3849,2019/1/1
Pakistan,PAK,PKR,460.0,138.88,2019/1/1
Peru,PER,PEN,10.5,3.3485,2019/1/1
Philippines,PHL,PHP,140.0,52.3925,2019/1/1
Poland,POL,PLN,10.5,3.74845,2019/1/1
Portugal,PRT,EUR,3.25,0.8724861490000001,2019/1/1
Qatar,QAT,QAR,12.0,3.64125,2019/1/1
Romania,ROU,RON,9.3,4.06695,2019/1/1
Russia,RUS,RUB,110.17,66.685,2019/1/1
Saudi Arabia,SAU,SAR,12.0,3.75115,2019/1/1
Singapore,SGP,SGD,5.8,1.3559,2019/1/1
Slovakia,SVK,EUR,3.2,0.8724861490000001,2019/1/1
Slovenia,SVN,EUR,2.3,0.8724861490000001,2019/1/1
Sweden,SWE,SEK,52.0,8.90625,2019/1/1
Thailand,THA,THB,119.0,32.0075,2019/1/1
Turkey,TUR,TRY,10.75,5.3834,2019/1/1
Taiwan,TWN,TWD,69.0,30.803,2019/1/1
Ukraine,UKR,UAH,54.0,27.8,2019/1/1
Uruguay,URY,UYU,140.0,32.51,2019/1/1
United States,USA,USD,5.58,1.0,2019/1/1
Vietnam,VNM,VND,65000.0,23199.0,2019/1/1
South Africa,ZAF,ZAR,31.0,13.8675,2019/1/1
United Arab Emirates,ARE,AED,14.75,3.67315,2019/7/9
Argentina,ARG,ARS,120.0,41.8045,2019/7/9
Australia,AUS,AUD,6.15,1.443626389,2019/7/9
Austria,AUT,EUR,3.81,0.892339267,2019/7/9
Azerbaijan,AZE,AZN,3.95,1.6965,2019/7/9
Belgium,BEL,EUR,4.2,0.892339267,2019/7/9
Bahrain,BHR,BHD,1.4,0.377,2019/7/9
Brazil,BRA,BRL,17.5,3.8073,2019/7/9
Canada,CAN,CAD,6.77,1.31305,2019/7/9
Switzerland,CHE,CHF,6.5,0.99355,2019/7/9
Chile,CHL,CLP,2640.0,689.75,2019/7/9
China,CHN,CNY,21.0,6.8846,2019/7/9
Colombia,COL,COP,11900.0,3227.0,2019/7/9
Costa Rica,CRI,CRC,2290.0,581.935,2019/7/9
Czech Republic,CZE,CZK,85.0,22.7993,2019/7/9
Germany,DEU,EUR,4.14,0.892339267,2019/7/9
Denmark,DNK,DKK,30.0,6.6593,2019/7/9
Egypt,EGY,EGP,42.0,16.615,2019/7/9
Spain,ESP,EUR,3.95,0.892339267,2019/7/9
Estonia,EST,EUR,3.2,0.892339267,2019/7/9
Euro area,EUZ,EUR,4.08,0.892339267,2019/7/9
Finland,FIN,EUR,4.75,0.892339267,2019/7/9
France,FRA,EUR,4.2,0.892339267,2019/7/9
Britain,GBR,GBP,3.29,0.802181935,2019/7/9
Greece,GRC,EUR,3.3,0.892339267,2019/7/9
Guatemala,GTM,GTQ,25.0,7.6802,2019/7/9
Hong Kong,HKG,HKD,20.5,7.8105,2019/7/9
Honduras,HND,HNL,86.0,24.4834,2019/7/9
Croatia,HRV,HRK,22.0,6.5981,2019/7/9
Hungary,HUN,HUF,900.0,290.5412,2019/7/9
Indonesia,IDN,IDR,32000.0,14130.0,2019/7/9
India,IND,INR,183.0,68.5544,2019/7/9
Ireland,IRL,EUR,4.3,0.892339267,2019/7/9
Israel,ISR,ILS,17.0,3.5667,2019/7/9
Italy,ITA,EUR,4.3,0.892339267,2019/7/9
Jordan,JOR,JOD,2.3,0.7090000000000001,2019/7/9
Japan,JPN,JPY,390.0,108.765,2019/7/9
South Korea,KOR,KRW,4500.0,1180.55,2019/7/9
Kuwait,KWT,KWD,1.1,0.3045,2019/7/9
Lebanon,LBN,LBP,6500.0,1507.0,2019/7/9
Sri Lanka,LKA,LKR,640.0,175.675,2019/7/9
Lithuania,LTU,EUR,2.85,0.892339267,2019/7/9
Latvia,LVA,EUR,2.85,0.892339267,2019/7/9
Moldova,MDA,MDL,43.0,17.8142,2019/7/9
Mexico,MEX,MXN,50.0,18.89525,2019/7/9
Malaysia,MYS,MYR,8.85,4.1425,2019/7/9
Nicaragua,NIC,NIO,110.0,33.1621,2019/7/9
Netherlands,NLD,EUR,4.06,0.892339267,2019/7/9
Norway,NOR,NOK,42.0,8.65275,2019/7/9
New Zealand,NZL,NZD,6.4,1.513431706,2019/7/9
Oman,OMN,OMR,1.21,0.385,2019/7/9
Pakistan,PAK,PKR,480.0,157.45,2019/7/9
Peru,PER,PEN,10.5,3.2868,2019/7/9
Philippines,PHL,PHP,142.0,51.3175,2019/7/9
Poland,POL,PLN,10.8,3.80775,2019/7/9
Portugal,PRT,EUR,3.25,0.892339267,2019/7/9
Qatar,QAT,QAR,13.0,3.64175,2019/7/9
Romania,ROU,RON,9.3,4.2192,2019/7/9
Russia,RUS,RUB,130.0,63.83875,2019/7/9
Saudi Arabia,SAU,SAR,13.0,3.75035,2019/7/9
Singapore,SGP,SGD,5.8,1.3613,2019/7/9
Slovakia,SVK,EUR,3.2,0.892339267,2019/7/9
Slovenia,SVN,EUR,2.4,0.892339267,2019/7/9
Sweden,SWE,SEK,51.0,9.47505,2019/7/9
Thailand,THA,THB,119.0,30.8275,2019/7/9
Turkey,TUR,TRY,13.99,5.722,2019/7/9
Taiwan,TWN,TWD,72.0,31.171999999999997,2019/7/9
Ukraine,UKR,UAH,57.0,25.6475,2019/7/9
Uruguay,URY,UYU,164.0,35.1695,2019/7/9
United States,USA,USD,5.74,1.0,2019/7/9
Vietnam,VNM,VND,65000.0,23231.0,2019/7/9
South Africa,ZAF,ZAR,31.0,14.175,2019/7/9
United Arab Emirates,ARE,AED,14.75,3.67315,2020/1/14
Argentina,ARG,ARS,171.0,60.0656,2020/1/14
Australia,AUS,AUD,6.45,1.4490653530000002,2020/1/14
Austria,AUT,EUR,3.84,0.899159286,2020/1/14
Azerbaijan,AZE,AZN,3.95,1.6965,2020/1/14
Belgium,BEL,EUR,4.3,0.899159286,2020/1/14
Bahrain,BHR,BHD,1.4,0.377,2020/1/14
Brazil,BRA,BRL,19.9,4.1419,2020/1/14
Canada,CAN,CAD,6.77,1.30655,2020/1/14
Switzerland,CHE,CHF,6.5,0.96825,2020/1/14
Chile,CHL,CLP,2640.0,772.74,2020/1/14
China,CHN,CNY,21.5,6.885,2020/1/14
Colombia,COL,COP,11900.0,3287.625,2020/1/14
Costa Rica,CRI,CRC,2350.0,569.965,2020/1/14
Czech Republic,CZE,CZK,85.0,22.63095,2020/1/14
Germany,DEU,EUR,4.14,0.899159286,2020/1/14
Denmark,DNK,DKK,30.0,6.71935,2020/1/14
Egypt,EGY,EGP,42.0,15.88,2020/1/14
Spain,ESP,EUR,4.2,0.899159286,2020/1/14
Estonia,EST,EUR,3.2,0.899159286,2020/1/14
Euro area,EUZ,EUR,4.12,0.899159286,2020/1/14
Finland,FIN,EUR,4.83,0.899159286,2020/1/14
France,FRA,EUR,4.2,0.899159286,2020/1/14
Britain,GBR,GBP,3.39,0.76866905,2020/1/14
Greece,GRC,EUR,3.3,0.899159286,2020/1/14
Guatemala,GTM,GTQ,25.0,7.7063,2020/1/14
Hong Kong,HKG,HKD,20.5,7.77535,2020/1/14
Honduras,HND,HNL,87.0,24.6548,2020/1/14
Croatia,HRV,HRK,22.0,6.6965,2020/1/14
Hungary,HUN,HUF,900.0,298.7502,2020/1/14
Indonesia,IDN,IDR,33000.0,13670.0,2020/1/14
India,IND,INR,188.0,70.87815,2020/1/14
Ireland,IRL,EUR,4.2,0.899159286,2020/1/14
Israel,ISR,ILS,17.0,3.4595,2020/1/14
Italy,ITA,EUR,4.3,0.899159286,2020/1/14
Jordan,JOR,JOD,2.3,0.7090000000000001,2020/1/14
Japan,JPN,JPY,390.0,110.04,2020/1/14
South Korea,KOR,KRW,4500.0,1156.1,2020/1/14
Kuwait,KWT,KWD,1.1,0.3034,2020/1/14
Lebanon,LBN,LBP,6500.0,1514.0,2020/1/14
Sri Lanka,LKA,LKR,580.0,181.45,2020/1/14
Lithuania,LTU,EUR,2.85,0.899159286,2020/1/14
Latvia,LVA,EUR,2.85,0.899159286,2020/1/14
Moldova,MDA,MDL,45.0,17.42,2020/1/14
Mexico,MEX,MXN,50.0,18.8205,2020/1/14
Malaysia,MYS,MYR,9.5,4.0745,2020/1/14
Nicaragua,NIC,NIO,120.0,33.8763,2020/1/14
Netherlands,NLD,EUR,4.09,0.899159286,2020/1/14
Norway,NOR,NOK,53.0,8.87515,2020/1/14
New Zealand,NZL,NZD,6.5,1.513546239,2020/1/14
Oman,OMN,OMR,1.155,0.38505,2020/1/14
Pakistan,PAK,PKR,520.0,154.875,2020/1/14
Peru,PER,PEN,11.9,3.3276,2020/1/14
Philippines,PHL,PHP,142.0,50.58,2020/1/14
Poland,POL,PLN,11.0,3.7966,2020/1/14
Portugal,PRT,EUR,3.25,0.899159286,2020/1/14
Qatar,QAT,QAR,13.0,3.641,2020/1/14
Romania,ROU,RON,9.5,4.2982,2020/1/14
Russia,RUS,RUB,135.0,61.4325,2020/1/14
Saudi Arabia,SAU,SAR,13.0,3.7518,2020/1/14
Singapore,SGP,SGD,5.9,1.34715,2020/1/14
Slovakia,SVK,EUR,3.4,0.899159286,2020/1/14
Slovenia,SVN,EUR,2.4,0.899159286,2020/1/14
Sweden,SWE,SEK,51.5,9.4591,2020/1/14
Thailand,THA,THB,115.0,30.2775,2020/1/14
Turkey,TUR,TRY,12.99,5.88025,2020/1/14
Taiwan,TWN,TWD,72.0,29.8845,2020/1/14
Ukraine,UKR,UAH,57.0,23.99,2020/1/14
Uruguay,URY,UYU,179.0,37.435,2020/1/14
United States,USA,USD,5.67,1.0,2020/1/14
Vietnam,VNM,VND,66000.0,23176.0,2020/1/14
South Africa,ZAF,ZAR,31.0,14.390999999999998,2020/1/14
